Rk,Player,Pos,Age,Tm,G,GS,MP,FG,FGA,FG%,3P,3PA,3P%,2P,2PA,2P%,FT,FTA,FT%,ORB,DRB,TRB,AST,STL,BLK,TOV,PF,PTS
1,Precious Achiuwa,C,23,TOR,43,11,959,5.9,12.3,0.477,0.8,3,0.259,5.1,9.2,0.549,2.8,4.1,0.694,3,7,10.1,1.6,1,1,1.9,3.3,15.3
2,Steven Adams,C,29,MEM,42,42,1133,5,8.4,0.597,0,0,0,5,8.3,0.599,1.5,4.1,0.364,6.8,8.6,15.4,3.1,1.1,1.5,2.5,3.1,11.5
3,Bam Adebayo,C,25,MIA,62,62,2166,8.6,15.9,0.542,0,0.2,0.083,8.6,15.7,0.548,4.6,5.7,0.808,2.6,7.2,9.8,3.3,1.2,0.9,2.6,2.9,21.8
4,Ochai Agbaji,SG,22,UTA,44,7,745,4.3,9.6,0.447,2.3,6.1,0.37,2,3.5,0.583,1,1.4,0.724,1.3,2.4,3.7,1.4,0.5,0.3,1,3.3,11.9
5,Santi Aldama,PF,22,MEM,62,18,1367,5.4,11.4,0.475,2.2,6,0.366,3.2,5.5,0.594,2.2,3,0.719,1.6,5.9,7.5,1.9,1,1.1,1.2,3.2,15.2
6,Nickeil Alexander-Walker,SG,24,TOT,44,3,661,5.7,12,0.473,2.6,6.2,0.421,3,5.8,0.528,1.7,2.5,0.674,0.6,3.5,4.1,4.8,1.5,1,2.7,3.8,15.6
6,Nickeil Alexander-Walker,SG,24,UTA,36,3,528,5.7,11.6,0.488,2.4,5.9,0.402,3.3,5.7,0.578,1.8,2.7,0.692,0.5,3.5,4,5.2,1.6,1,3.1,4,15.5
6,Nickeil Alexander-Walker,SG,24,MIN,8,0,133,5.7,13.5,0.42,3.5,7.3,0.481,2.2,6.2,0.348,1.1,1.9,0.571,0.8,3.5,4.3,3.2,0.8,1.1,1.1,3,16
7,Grayson Allen,SG,27,MIL,62,60,1724,4.5,10.1,0.447,2.7,6.6,0.41,1.8,3.6,0.515,2.2,2.4,0.904,1.2,3.2,4.3,3.1,1.1,0.2,1.3,2.2,13.9
8,Jarrett Allen,C,24,CLE,61,61,2013,6.6,10.1,0.651,0,0.2,0.111,6.6,10,0.659,2.6,3.6,0.725,3.4,7.3,10.6,1.8,0.9,1.3,1.5,2.5,15.8
9,Jose Alvarado,PG,24,NOP,61,10,1310,5.5,13.4,0.411,2.3,6.8,0.336,3.2,6.7,0.488,1.8,2.2,0.813,0.8,3.1,3.9,5.1,1.8,0.3,2.2,3.4,15.1
10,Kyle Anderson,PF,29,MIN,54,38,1436,4.4,8.7,0.51,0.8,1.9,0.434,3.6,6.8,0.531,2.2,2.9,0.752,1.1,5.6,6.7,5.6,1.6,1.2,1.9,2.8,11.9
11,Giannis Antetokounmpo,PF,28,MIL,52,52,1688,12.2,22.7,0.539,0.9,3.2,0.28,11.3,19.5,0.581,9.2,14.1,0.654,2.5,10.7,13.2,6.1,0.8,0.9,4.4,3.6,34.6
12,Thanasis Antetokounmpo,SF,30,MIL,28,0,112,1.9,7.1,0.273,0,1.6,0,1.9,5.5,0.353,1.3,2.6,0.5,2.9,6.1,9,1.3,0.6,1,2.6,4.2,5.1
13,Cole Anthony,PG,22,ORL,47,3,1178,6.1,13.9,0.442,1.6,4.7,0.344,4.5,9.2,0.492,3.6,4.1,0.873,0.9,5.5,6.4,5.7,0.9,0.8,2.1,3.6,17.5
14,OG Anunoby,SF,25,TOR,53,53,1899,6,13.3,0.454,1.9,5.3,0.362,4.1,8,0.515,2.4,2.9,0.828,1.5,3.8,5.3,2,2,0.7,2.2,3,16.4
15,Ryan Arcidiacono,PG,28,TOT,14,1,69,2.1,7.3,0.286,2.1,4.7,0.444,0,2.6,0,0,0,,0,5.2,5.2,4.2,1,0,1.6,3.1,6.3
15,Ryan Arcidiacono,PG,28,NYK,11,0,26,1.4,6.9,0.2,1.4,4.2,0.333,0,2.8,0,0,0,,0,5.5,5.5,2.8,2.8,0,1.4,4.2,4.2
15,Ryan Arcidiacono,PG,28,POR,3,1,43,2.5,7.5,0.333,2.5,5,0.5,0,2.5,0,0,0,,0,5,5,5,0,0,1.7,2.5,7.5
16,Deni Avdija,SF,22,WAS,64,34,1668,4.3,10.1,0.431,1.2,4.1,0.289,3.2,6,0.529,2.3,3,0.763,1.5,7.3,8.7,3.4,1.2,0.6,2.1,3.9,12.2
17,Deandre Ayton,C,24,PHO,57,57,1725,9.4,15.9,0.592,0.1,0.5,0.304,9.3,15.4,0.601,2.7,3.6,0.743,3.2,8.9,12.1,2.3,0.7,0.9,2.2,3.4,21.6
18,Udoka Azubuike,C,23,UTA,26,0,153,5.6,6.8,0.828,0,0,,5.6,6.8,0.828,0.5,1.9,0.25,3.8,9.4,13.2,1.4,0.9,1.6,2.4,3.3,11.8
19,Marvin Bagley III,C,23,DET,32,17,724,7.5,13.9,0.536,0.5,2.1,0.233,7,11.8,0.591,2.8,3.9,0.718,4,6.7,10.7,1.1,0.7,1.2,1.7,3.2,18.2
20,Patrick Baldwin Jr.,SF,20,GSW,23,0,202,7.1,17.6,0.404,5.3,13.5,0.395,1.8,4.1,0.435,0.7,1.1,0.667,0.2,5.9,6.1,1.1,1.1,0.7,1.8,2.3,20.3
21,LaMelo Ball,PG,21,CHO,36,36,1268,8.4,20.5,0.411,4.1,10.9,0.376,4.3,9.6,0.45,2.9,3.5,0.836,1.2,5.4,6.6,8.6,1.3,0.3,3.7,3.4,23.8
22,Mo Bamba,C,24,TOT,47,7,762,5.5,11.2,0.487,2.3,5.8,0.39,3.2,5.4,0.591,1.9,2.9,0.661,2.6,7.8,10.4,2.2,0.6,2,1.4,4.9,15.2
22,Mo Bamba,C,24,ORL,40,6,681,5.6,11.3,0.495,2.3,5.7,0.398,3.3,5.6,0.594,1.9,2.7,0.686,2.5,7.2,9.7,2.2,0.6,2,1.2,4.5,15.3
22,Mo Bamba,C,24,LAL,7,1,81,4.4,10.7,0.417,2.2,6.7,0.333,2.2,4,0.556,2.7,4.9,0.545,4,12.4,16.4,1.8,0.4,1.8,3.6,7.6,13.8
23,Paolo Banchero,PF,20,ORL,60,60,2020,7.1,16.8,0.424,1.2,4.3,0.283,5.9,12.4,0.473,6,8.1,0.744,1.2,5.8,7,3.8,0.9,0.6,2.9,2.4,21.5
24,Desmond Bane,SG,24,MEM,43,43,1341,8.7,18.6,0.469,3.4,8.2,0.411,5.4,10.4,0.514,3.6,4.1,0.894,0.8,4.9,5.7,4.8,1.1,0.5,2.3,2.8,24.4
25,Dalano Banton,PG,23,TOR,27,2,251,6.6,16.1,0.411,1.9,6.6,0.283,4.7,9.5,0.5,2.2,2.7,0.789,1.3,3.9,5.2,4.2,1.9,1.7,2.3,4.4,17.2
26,Dominick Barlow,SF,19,SAS,14,0,154,4,7.7,0.515,0,0.9,0,4,6.8,0.586,2.3,3,0.769,4.4,4.2,8.6,2.1,0.7,0.9,1.9,5.8,10.3
27,Harrison Barnes,PF,30,SAC,65,65,2139,5,10.7,0.474,1.8,4.8,0.371,3.3,5.8,0.559,4.5,5.4,0.841,1.1,4,5.1,1.8,0.8,0.2,1.2,1.4,16.4
28,Scottie Barnes,PF,21,TOR,64,63,2257,6.1,13.6,0.447,0.9,3.1,0.303,5.1,10.5,0.489,2.6,3.4,0.77,2.4,4.6,7.1,4.9,1,0.9,2.1,2.3,15.7
29,RJ Barrett,SG,22,NYK,61,61,2086,7.4,17.2,0.43,1.8,5.7,0.321,5.5,11.4,0.485,4.2,5.7,0.744,0.9,4.6,5.5,2.9,0.5,0.2,2.3,2.7,20.8
30,Will Barton,SG,32,TOT,44,0,817,5,13,0.383,2.4,6.4,0.372,2.6,6.6,0.393,1.5,2,0.778,0.4,4.5,5,4.3,0.8,0.5,2.1,1.9,13.9
30,Will Barton,SG,32,WAS,40,0,782,5.1,13.1,0.386,2.4,6.4,0.377,2.7,6.8,0.395,1.6,2.1,0.778,0.5,4.6,5.1,4.4,0.8,0.5,2.1,1.8,14.1
30,Will Barton,SG,32,TOR,4,0,35,3.1,10.3,0.3,2.1,7.2,0.286,1,3.1,0.333,0,0,,0,2.1,2.1,3.1,2.1,1,2.1,5.1,8.2
31,Charles Bassey,C,22,SAS,32,2,469,6.2,9.5,0.653,0.2,0.5,0.429,6,9,0.667,1.5,2.5,0.606,5.4,8.6,14,3.4,1.1,2.3,3.1,5.1,14.2
32,Keita Bates-Diop,SF,27,SAS,51,29,1085,5.4,11,0.486,1,2.9,0.341,4.4,8.1,0.539,2.7,3.4,0.792,1.7,4.1,5.8,2.3,1.2,0.5,1.3,1.8,14.4
33,Nicolas Batum,PF,34,LAC,64,12,1405,3.4,8,0.417,2.5,6.6,0.383,0.8,1.5,0.569,0.8,1.1,0.682,1.5,5.4,6.8,2.4,1.1,1.1,1.2,3.2,10
34,Darius Bazley,PF,22,TOT,38,1,572,4.6,10.4,0.442,1.2,3.1,0.388,3.4,7.3,0.466,2.3,4.1,0.554,1.9,6.2,8.1,2.1,1.3,1.9,1.4,2.5,12.7
34,Darius Bazley,PF,22,OKC,36,1,555,4.6,10.2,0.449,1.2,2.9,0.4,3.4,7.3,0.469,2.3,4.2,0.554,1.9,6,7.9,2.1,1.2,1.9,1.4,2.3,12.7
34,Darius Bazley,PF,22,PHO,2,0,17,4.2,14.8,0.286,2.1,8.5,0.25,2.1,6.4,0.333,0,0,,2.1,10.6,12.7,4.2,2.1,2.1,2.1,8.5,10.6
35,Bradley Beal,SG,29,WAS,44,44,1477,9.6,18.9,0.508,1.8,4.8,0.369,7.9,14.2,0.555,4,4.8,0.837,0.9,3.2,4.1,5.9,1,0.7,3.1,2.1,25
36,Malik Beasley,SG,26,TOT,65,21,1737,6.4,16.3,0.394,4.1,11.4,0.356,2.4,4.9,0.483,0.9,1.1,0.808,0.6,4.2,4.9,2.3,1.2,0.2,1.5,2,17.8
36,Malik Beasley,SG,26,UTA,55,13,1472,6.5,16.4,0.396,4.1,11.5,0.359,2.3,4.8,0.485,0.9,1.1,0.841,0.7,4.2,4.8,2.3,1.1,0.2,1.5,1.8,18
36,Malik Beasley,SG,26,LAL,10,8,265,6.1,15.9,0.385,3.7,10.7,0.342,2.4,5.2,0.474,0.7,1.1,0.625,0.4,4.8,5.2,2.3,1.6,0,1.8,2.7,16.6
37,MarJon Beauchamp,SF,22,MIL,41,9,576,5,12.8,0.39,2.4,7.5,0.317,2.6,5.3,0.494,1.3,1.8,0.724,2.1,3.6,5.7,1.6,1.1,0.2,2.3,3.7,13.7
38,Dāvis Bertāns,PF,30,DAL,35,0,374,4.7,11,0.43,3.8,9.6,0.39,1,1.3,0.714,1,1.2,0.833,0.8,2.7,3.5,1.4,0.7,0.3,0.9,3.8,14.1
39,Patrick Beverley,PG,34,TOT,52,52,1407,2.8,6.9,0.403,1.5,4.5,0.337,1.3,2.4,0.527,1.1,1.6,0.721,0.8,3.8,4.6,3.7,1.1,0.8,1.2,3.6,8.2
39,Patrick Beverley,PG,34,LAL,45,45,1211,2.9,7.2,0.402,1.6,4.7,0.348,1.2,2.5,0.506,1.2,1.5,0.78,0.7,3.4,4.2,3.5,1.2,0.7,1.2,3.7,8.6
39,Patrick Beverley,PG,34,CHI,7,7,196,2,5,0.407,0.7,3.1,0.235,1.3,1.8,0.7,0.9,2,0.455,1.7,5.9,7.5,5.1,0.7,0.9,1.1,2.9,5.7
40,Saddiq Bey,SF,23,TOT,61,32,1738,5.8,14,0.412,2.5,7,0.361,3.3,7,0.462,3.9,4.6,0.864,1.5,4.3,5.8,1.9,1.2,0.3,1.2,2.1,18
40,Saddiq Bey,SF,23,DET,52,30,1500,5.9,14.5,0.404,2.4,7,0.345,3.5,7.5,0.46,4.3,5,0.861,1.4,4.4,5.8,2,1.2,0.3,1.3,2.1,18.5
40,Saddiq Bey,SF,23,ATL,9,2,238,5.1,10.9,0.472,3.2,6.8,0.467,2,4.1,0.481,1.5,1.7,0.909,1.8,4.1,5.9,1.5,0.9,0.2,0.9,2.3,15
41,Khem Birch,C,30,TOR,20,0,162,4.2,7.1,0.594,0.2,0.4,0.5,4,6.7,0.6,0.9,1.1,0.8,1.8,3.8,5.6,1.6,1.1,1.1,1.8,5.3,9.6
42,Goga Bitadze,C,23,TOT,26,0,263,5.3,9.7,0.549,0.7,2.3,0.294,4.7,7.4,0.63,1.9,4.1,0.467,4.8,5.1,9.9,3.1,1.4,1.6,1.8,5.3,13.3
42,Goga Bitadze,C,23,IND,21,0,202,4.8,9.3,0.519,0.7,2.5,0.286,4.1,6.8,0.605,2,4.3,0.458,4.5,4.3,8.7,3.2,1.6,1.8,2.1,6.1,12.3
42,Goga Bitadze,C,23,ORL,5,0,61,7.1,11.2,0.632,0.6,1.8,0.333,6.5,9.4,0.688,1.8,3.5,0.5,5.9,7.7,13.6,3,0.6,1.2,0.6,3,16.5
43,Bismack Biyombo,C,30,PHO,47,9,648,4.4,7.7,0.572,0,0,,4.4,7.7,0.572,0.9,2.8,0.314,2.8,7.6,10.4,2.4,0.8,3.3,2.4,4.7,9.7
44,Buddy Boeheim,PG,23,DET,2,0,7,5.1,15.4,0.333,5.1,15.4,0.333,0,0,,0,0,,0,5.1,5.1,0,0,0,0,0,15.4
45,Bogdan Bogdanović,SG,30,ATL,41,5,1183,6.5,14.7,0.442,3.4,8.4,0.404,3.1,6.3,0.493,1.5,1.9,0.803,0.5,3.6,4.1,3.7,1.1,0.4,1.5,2.1,17.9
46,Bojan Bogdanović,PF,33,DET,59,59,1893,8.2,16.8,0.488,2.8,6.7,0.411,5.4,10.1,0.539,5.1,5.8,0.884,0.7,3.6,4.2,2.9,0.6,0.2,2.6,2.1,24.2
47,Bol Bol,PF,23,ORL,62,32,1377,6.4,11.2,0.569,0.8,2.5,0.309,5.6,8.8,0.642,1.8,2.5,0.745,1.7,8,9.7,1.5,0.7,2.1,2.7,2.1,15.3
48,Leandro Bolmaro,SG,22,UTA,14,0,68,1.6,10.6,0.15,0,2.1,0,1.6,8.5,0.188,0,0,,2.1,1.6,3.7,3.7,1.6,0.5,3.7,5.3,3.2
49,Devin Booker,SG,26,PHO,39,39,1328,10.6,21.7,0.489,2.5,6.7,0.37,8.2,15.1,0.541,5.5,6.6,0.835,0.9,4,4.9,6.1,0.8,0.4,2.5,3,29.2
50,Brandon Boston Jr.,SG,21,LAC,21,1,247,7.4,17.6,0.421,1.7,4.2,0.414,5.7,13.4,0.424,4.2,5.5,0.763,1,3.2,4.2,2.8,1.3,0,1.7,3.1,20.8
51,Chris Boucher,PF,30,TOR,61,0,1236,6.2,12.6,0.497,1.5,4.6,0.335,4.7,8,0.59,3.2,4.3,0.741,3.8,6.3,10.2,0.8,1.2,1.5,0.9,3.4,17.2
52,James Bouknight,SG,22,CHO,26,0,354,4.1,12.4,0.328,1.6,6.5,0.25,2.4,5.9,0.414,1.5,2.2,0.682,0.5,4.7,5.2,2.8,1.3,0.4,1.9,2.9,11.3
53,Jamaree Bouyea,PG,23,MIA,4,0,65,3.3,7.2,0.462,1.1,2.8,0.4,2.2,4.4,0.5,0.6,1.1,0.5,0.6,2.2,2.8,2.2,2.2,1.1,2.2,2.8,8.3
54,Tony Bradley,C,25,CHI,12,0,33,6.5,13.1,0.5,3.3,5.5,0.6,3.3,7.6,0.429,4.4,4.4,1,1.1,10.9,12,1.1,1.1,1.1,1.1,2.2,20.7
55,Malaki Branham,SF,19,SAS,50,17,1130,6,13.3,0.447,1.8,5.7,0.313,4.2,7.6,0.548,1.3,1.6,0.8,0.6,3.2,3.8,3.2,0.9,0.2,1.8,2.7,15
56,Christian Braun,SG,21,DEN,60,3,874,4.2,8.3,0.5,1,2.6,0.391,3.1,5.7,0.551,1.1,1.8,0.605,1.6,4,5.6,1.9,1.1,0.5,1.1,2.9,10.4
57,Mikal Bridges,SF,26,TOT,67,67,2401,6.7,14.2,0.473,1.9,4.8,0.406,4.8,9.4,0.506,3.2,3.6,0.903,1,3.4,4.5,3.5,1.2,0.8,1.4,2,18.6
57,Mikal Bridges,SF,26,PHO,56,56,2040,6.2,13.5,0.463,1.8,4.6,0.387,4.5,8.9,0.503,2.8,3.1,0.897,1,3.3,4.3,3.5,1.1,0.8,1.4,2,17
57,Mikal Bridges,SF,26,BRK,11,11,361,9.4,18.3,0.511,2.8,5.7,0.491,6.6,12.7,0.52,5.9,6.4,0.922,1.4,4,5.4,3.3,1.3,0.8,1.5,1.9,27.4
58,Oshae Brissett,SF,24,IND,51,1,817,4.1,10.1,0.4,1.9,5.5,0.339,2.2,4.7,0.472,2.7,3.9,0.697,2,5.5,7.5,1.2,1.2,0.4,0.9,3,12.7
59,Malcolm Brogdon,PG,30,BOS,56,0,1436,7.2,14.9,0.482,2.8,6.3,0.452,4.4,8.6,0.504,3.3,3.7,0.878,0.9,5.1,5.9,5.1,0.9,0.4,2.2,2.3,20.5
60,Dillon Brooks,SF,27,MEM,59,59,1789,6.4,16.6,0.388,2.2,7,0.315,4.2,9.6,0.44,2,2.6,0.795,0.8,3.1,3.9,3,1,0.2,1.7,3.9,17.1
61,Bruce Brown,SG,26,DEN,65,28,1839,5.6,11.5,0.484,1.6,4.4,0.377,3.9,7.2,0.549,1.4,1.9,0.729,0.9,4.1,5.1,4.3,1.3,0.8,2,3,14.2
62,Greg Brown III,PF,21,POR,16,0,93,4.3,10.8,0.393,0.4,2.7,0.143,3.9,8.1,0.476,1.9,4.6,0.417,0.8,6.6,7.4,1.2,1.5,1.9,2.3,5,10.8
63,Jaylen Brown,SF,26,BOS,55,55,1985,9.8,20.3,0.485,2.4,7.3,0.333,7.4,13,0.571,4.2,5.4,0.774,1.2,5.7,6.9,3.3,1.2,0.5,3,2.7,26.3
64,Kendall Brown,SG,19,IND,6,0,40,3.6,6.3,0.571,0,0.9,0,3.6,5.4,0.667,0.9,1.8,0.5,1.8,3.6,5.4,2.7,3.6,0,1.8,8.1,8.1
65,Moses Brown,C,23,LAC,34,1,288,7.6,12,0.635,0,0,,7.6,12,0.635,4.1,9,0.458,7.1,10.2,17.4,0.5,0.4,1.7,1.7,4.7,19.4
66,Sterling Brown,SG,27,LAL,4,0,24,0,6,0,0,3,0,0,3,0,0,0,,4.5,7.5,12,3,4.5,0,0,6,0
67,Troy Brown Jr.,SF,23,LAL,60,36,1477,4,9.1,0.437,2,5.3,0.376,2,3.8,0.522,0.7,0.8,0.935,1.4,4.9,6.2,1.7,1.1,0.2,1,2.3,10.7
68,Jalen Brunson,PG,26,NYK,62,62,2166,8.7,17.9,0.487,2,4.8,0.414,6.7,13.1,0.514,5.1,6.1,0.833,0.6,3.1,3.7,6.3,0.9,0.2,2.1,2.3,24.5
69,Thomas Bryant,C,25,TOT,51,25,1001,7.7,12.1,0.638,0.9,1.9,0.453,6.9,10.2,0.673,3.3,4.5,0.736,2.8,8.6,11.4,1,0.6,1,1.2,3.3,19.6
69,Thomas Bryant,C,25,LAL,41,25,876,8.1,12.4,0.654,0.9,2.1,0.44,7.2,10.3,0.697,3.3,4.4,0.741,2.8,8.7,11.5,1.2,0.6,0.9,1.2,3.2,20.4
69,Thomas Bryant,C,25,DEN,10,0,125,5.2,10.4,0.5,0.6,0.9,0.667,4.6,9.5,0.485,3.5,4.9,0.706,3.2,8.1,11.2,0,0.6,1.4,1.7,4.6,14.4
70,Reggie Bullock,SF,31,DAL,64,41,1940,2.8,7.1,0.401,2.3,6,0.378,0.6,1.1,0.525,0.4,0.6,0.686,0.6,3.5,4.1,1.6,0.9,0.2,0.6,2.7,8.4
71,Alec Burks,SG,31,DET,51,8,1122,6.4,14.7,0.436,3.2,7.7,0.414,3.2,7.1,0.459,4.9,6,0.814,0.6,4.5,5.1,3.7,1.2,0.3,1.9,3.1,20.9
72,Deonte Burton,SG,29,SAC,2,0,6,0,12,0,0,6,0,0,6,0,0,0,,0,0,0,0,0,0,0,0,0
73,Jared Butler,SG,22,OKC,2,0,19,3.8,7.6,0.5,1.9,3.8,0.5,1.9,3.8,0.5,0,0,,0,1.9,1.9,7.6,5.7,0,3.8,5.7,9.5
74,Jimmy Butler,SF,33,MIA,52,52,1731,7.8,14.9,0.522,0.6,1.7,0.329,7.2,13.2,0.547,7.7,9.1,0.847,2.5,4,6.6,5.6,2.1,0.4,1.9,1.4,23.9
75,John Butler,C,20,POR,9,0,30,1.2,6,0.2,0,4.8,0,1.2,1.2,1,0,0,,1.2,1.2,2.4,1.2,1.2,3.6,0,2.4,2.4
76,Jamal Cain,SF,23,MIA,14,0,186,5,9.7,0.52,0.4,2.3,0.167,4.6,7.4,0.632,2.3,3.1,0.75,2.3,5.2,7.5,1.7,1.5,0,0.8,2.9,12.8
77,Kentavious Caldwell-Pope,SG,29,DEN,63,63,1984,4.6,9.7,0.474,2.1,4.9,0.44,2.4,4.8,0.508,1.5,1.9,0.833,0.5,2.7,3.2,2.8,1.7,0.5,1.3,2.3,12.8
78,Facundo Campazzo,PG,31,DAL,8,0,52,2.1,9,0.231,2.1,7.6,0.273,0,1.4,0,0.7,1.4,0.5,0,1.4,1.4,6.2,4.2,0,2.1,2.1,6.9
79,Vlatko Čančar,PF,25,DEN,48,8,794,4.6,9.3,0.498,1.9,4.6,0.412,2.7,4.7,0.583,1.4,1.5,0.938,1,4.2,5.2,3.3,0.8,0.5,1.5,3.4,12.5
80,Clint Capela,C,28,ATL,50,48,1342,7.3,11.5,0.636,0,0,0,7.3,11.5,0.638,1.6,2.6,0.592,5.6,9.4,14.9,1.2,0.9,1.6,1.1,3,16.2
81,Vernon Carey Jr.,C,21,WAS,11,0,28,2.6,10.3,0.25,0,0,,2.6,10.3,0.25,2.6,2.6,1,3.9,10.3,14.1,3.9,2.6,2.6,2.6,6.4,7.7
82,Jevon Carter,PG,27,MIL,66,34,1487,4.7,10.9,0.43,2.6,6.3,0.421,2.1,4.6,0.443,0.7,0.9,0.806,0.7,3.5,4.2,4,1.5,0.6,1.7,3.2,12.7
83,Wendell Carter Jr.,C,23,ORL,44,41,1303,6.7,12.9,0.517,1.5,4.3,0.344,5.2,8.6,0.605,3.4,4.6,0.743,2.7,7.9,10.7,3,0.5,0.7,2.7,3.6,18.3
84,Alex Caruso,PG,28,CHI,56,25,1346,2.9,6.5,0.44,1.2,3.4,0.362,1.6,3.1,0.526,1.5,1.8,0.821,0.9,3.8,4.7,4.7,2.4,0.9,1.9,3.7,8.4
85,Julian Champagnie,SF,21,TOT,4,0,31,5.8,12.8,0.455,3.5,9.3,0.375,2.3,3.5,0.667,0,0,,1.2,4.6,5.8,1.2,1.2,0,0,1.2,15.1
85,Julian Champagnie,SF,21,PHI,2,0,7,0,10.3,0,0,5.1,0,0,5.1,0,0,0,,0,0,0,0,5.1,0,0,0,0
85,Julian Champagnie,SF,21,SAS,2,0,24,7.5,13.5,0.556,4.5,10.5,0.429,3,3,1,0,0,,1.5,6,7.5,1.5,0,0,0,1.5,19.5
86,Justin Champagnie,SF,21,TOR,3,0,11,9.8,9.8,1,0,0,,9.8,9.8,1,0,0,,3.3,9.8,13.1,3.3,0,0,0,3.3,19.6
87,Kennedy Chandler,PG,20,MEM,28,0,231,4.2,10.6,0.397,0.3,2.2,0.143,3.9,8.4,0.463,0.8,1.7,0.455,1.1,3.9,5,7.3,1.7,0.8,2.5,2,9.5
88,Max Christie,SG,19,LAL,37,3,506,3.1,7.5,0.419,1.8,4.4,0.419,1.3,3.1,0.419,1,1.1,0.875,0.5,4.8,5.3,1.4,0.6,0.5,0.9,2.3,9.1
89,Josh Christopher,SG,21,HOU,48,1,548,6.6,14.4,0.457,1,3.9,0.254,5.6,10.5,0.531,2.1,2.8,0.744,0.9,2.7,3.5,3.3,1.2,0.8,2.9,2.9,16.2
90,Brandon Clarke,PF,26,MEM,56,8,1090,7.6,11.5,0.656,0,0.2,0.167,7.5,11.3,0.665,3.3,4.5,0.723,3,7.2,10.2,2.4,1.1,1.2,1.8,4.3,18.4
91,Jordan Clarkson,SG,30,UTA,61,61,1988,8.3,18.7,0.444,2.8,8.3,0.338,5.5,10.4,0.53,3.6,4.4,0.816,1.3,3.2,4.5,4.9,0.6,0.2,3.4,2.2,23
92,Nic Claxton,C,23,BRK,61,61,1782,6.6,9.3,0.708,0,0,0,6.6,9.2,0.711,2.1,4.1,0.512,2.9,8.4,11.3,2.1,1,3.2,1.6,3.4,15.2
93,Amir Coffey,SG,25,LAC,43,9,591,3.3,8.6,0.383,0.6,2.3,0.263,2.7,6.3,0.427,2.7,3.5,0.789,1,2.1,3.2,3.1,0.4,0.2,1.1,3,9.9
94,John Collins,PF,25,ATL,56,56,1696,6,11.8,0.511,1,3.8,0.261,5,7.9,0.631,2.4,2.9,0.816,1.2,6.7,7.9,1.4,0.7,1.4,1.4,3.8,15.4
95,Zach Collins,C,25,SAS,53,16,1156,6.7,12.9,0.517,1.1,3.1,0.356,5.5,9.7,0.569,2.6,3.5,0.75,3,7,10,4.5,0.9,1.1,3.1,5.2,17.1
96,Mike Conley,PG,35,TOT,52,51,1547,4.3,10.5,0.408,2.2,6.1,0.365,2.1,4.5,0.466,2.1,2.6,0.827,0.5,2.6,3.1,8.7,1.3,0.3,2,2.4,12.9
96,Mike Conley,PG,35,UTA,43,42,1276,4.3,10.6,0.408,2.2,6,0.362,2.1,4.6,0.469,2.2,2.7,0.813,0.5,2.5,3,9.3,1.2,0.3,2.1,2.7,13
96,Mike Conley,PG,35,MIN,9,9,271,4.3,10.4,0.41,2.4,6.2,0.383,1.9,4.1,0.452,1.7,1.9,0.929,0.5,2.8,3.3,5.8,1.5,0.1,1.5,1.5,12.6
97,Pat Connaughton,SG,30,MIL,48,29,1181,4.1,10.7,0.387,2.8,8.3,0.343,1.3,2.4,0.538,0.7,1.1,0.657,1.2,6,7.2,1.9,0.9,0.2,0.9,1.6,11.8
98,Robert Covington,PF,32,LAC,38,0,622,4.4,10.6,0.415,2.3,6.6,0.342,2.1,4,0.536,1.4,2,0.735,1.4,6.5,8,2.7,1.6,1.7,1.3,4.2,12.5
99,Torrey Craig,SF,32,PHO,63,50,1594,4.1,9.1,0.449,1.8,4.6,0.401,2.3,4.6,0.498,0.6,0.8,0.73,2.8,5.1,8,2.2,0.9,0.9,1.4,3.3,10.7
100,Jae Crowder,SF,32,MIL,8,0,147,4.2,8.8,0.472,2.4,6.4,0.385,1.7,2.4,0.7,1.2,1.7,0.714,2,6.4,8.3,2.7,1.2,1,0.7,3.4,12
101,Jarrett Culver,SG,23,ATL,10,1,137,4.5,11.3,0.395,0.3,3.2,0.083,4.2,8.1,0.516,2.4,3.4,0.692,2.6,7.4,10,1.6,1.6,0.5,1.8,3.7,11.6
102,Cade Cunningham,PG,21,DET,12,12,400,8.4,20.2,0.415,1.5,5.5,0.279,6.8,14.7,0.466,3.2,3.9,0.837,1.1,5.6,6.7,6.5,0.9,0.6,3.5,3.1,21.5
103,Seth Curry,SG,32,BRK,48,7,1033,6.1,13.3,0.457,2.7,6.9,0.394,3.4,6.4,0.524,1.5,1.6,0.978,0.5,2.6,3,3.1,1.2,0.2,1.6,2.8,16.4
104,Stephen Curry,PG,34,GSW,41,41,1415,10.3,20.7,0.497,5.2,12,0.434,5.1,8.7,0.583,5.2,5.6,0.923,0.7,5.9,6.5,6.6,1,0.4,3.4,2.3,30.9
105,Dyson Daniels,PG,19,NOP,44,11,837,3.1,7,0.442,0.9,2.8,0.323,2.2,4.2,0.52,0.9,1.4,0.606,1.2,5.1,6.4,4.5,1.5,0.5,1.8,3.5,8
106,Anthony Davis,C,29,LAL,41,39,1371,10.6,18.9,0.563,0.4,1.7,0.266,10.2,17.2,0.591,6.8,8.4,0.81,3.5,9.9,13.4,2.7,1.1,2.3,2.5,2.9,28.5
107,Johnny Davis,SG,20,WAS,13,0,62,3.5,10.5,0.333,0.6,2.3,0.25,2.9,8.1,0.357,1.7,1.7,1,0.6,4.1,4.6,1.2,0.6,0.6,1.2,7.5,9.3
108,Terence Davis,SG,25,SAC,52,4,689,6.5,15,0.436,3.6,9.8,0.369,2.9,5.2,0.56,1.6,1.8,0.886,0.9,5.2,6.2,3.1,1.9,0.6,2.3,4.7,18.3
109,JD Davison,PG,20,BOS,7,0,18,6,22,0.273,0,6,0,6,16,0.375,0,0,,2,8,10,6,4,0,2,4,12
110,Darius Days,PF,23,HOU,4,0,25,7.2,17.3,0.417,4.3,14.4,0.3,2.9,2.9,1,2.9,2.9,1,1.4,7.2,8.6,1.4,0,1.4,0,2.9,21.6
111,Dewayne Dedmon,C,33,MIA,30,0,350,6.6,13.3,0.496,1.1,3.8,0.297,5.5,9.5,0.576,3.3,4.5,0.727,2.9,8.3,11.2,1.6,0.7,1.4,2,6.3,17.6
112,Matthew Dellavedova,PG,32,SAC,27,0,178,2.6,8.3,0.317,1.4,4.4,0.318,1.2,3.8,0.316,0.8,1.4,0.571,0.2,2,2.2,7.3,1.2,0,2,3.4,7.5
113,DeMar DeRozan,SF,33,CHI,60,60,2171,9,17.6,0.51,0.5,1.6,0.305,8.5,16.1,0.53,6.3,7.2,0.872,0.5,4,4.5,5.1,1,0.5,2.2,2.7,24.8
114,Moussa Diabaté,PF,21,LAC,18,1,172,4.4,8.4,0.525,0.2,0.4,0.5,4.2,8,0.526,2.1,3.3,0.625,6.1,3.3,9.4,0.6,1,1.3,1.9,2.7,11.1
115,Mamadi Diakite,PF,26,CLE,16,2,98,4,9.6,0.423,1.5,5.5,0.267,2.6,4,0.636,0,0,,1.1,3.3,4.4,0.7,0.7,2.2,2.2,4.8,9.6
116,Hamidou Diallo,SG,24,DET,56,0,996,7.8,13.6,0.573,0.2,0.8,0.238,7.6,12.8,0.593,3.1,5.3,0.588,2.1,5,7,2,1.9,0.6,2.6,4.5,18.9
117,Gorgui Dieng,C,33,SAS,22,1,213,4.4,11.3,0.388,2,7.8,0.261,2.4,3.5,0.667,0.8,1,0.833,3.2,6.4,9.6,5.1,0.5,1.4,3,5.2,11.7
118,Ousmane Dieng,SF,19,OKC,23,0,372,4.7,10.7,0.441,1.8,5.9,0.311,2.9,4.8,0.6,0.6,1.1,0.545,1.2,5.5,6.7,2.9,1,0.6,1.5,2.6,11.9
119,Spencer Dinwiddie,PG,29,TOT,64,64,2180,6.3,13.9,0.449,2.6,6.8,0.389,3.6,7.2,0.506,3.6,4.3,0.828,0.4,3,3.4,5.8,0.9,0.3,1.9,2.5,18.7
119,Spencer Dinwiddie,PG,29,DAL,53,53,1808,6.3,13.8,0.455,2.7,6.8,0.405,3.5,7,0.504,3.4,4.1,0.821,0.4,2.9,3.2,5.6,0.8,0.3,1.8,2.5,18.7
119,Spencer Dinwiddie,PG,29,BRK,11,11,372,6.1,14.5,0.42,2.1,6.8,0.314,4,7.7,0.513,4.5,5.2,0.852,0.4,3.8,4.2,7,1.3,0.4,2.4,2.4,18.8
120,Donte DiVincenzo,SG,26,GSW,57,22,1495,4.3,10.1,0.427,2.9,7.1,0.405,1.4,3,0.48,1,1.2,0.843,1.4,4.6,6,4.6,1.8,0.2,2,2.5,12.5
121,Luka Dončić,PG,23,DAL,57,57,2068,10.9,21.9,0.5,2.8,7.9,0.349,8.2,14,0.586,8.1,10.9,0.736,0.8,7.7,8.5,8,1.4,0.5,3.6,2.6,32.7
122,Tyler Dorsey,SG,26,DAL,3,0,8,18,22.5,0.8,4.5,9,0.5,13.5,13.5,1,0,0,,4.5,4.5,9,0,0,0,0,0,40.5
123,Luguentz Dort,SG,23,OKC,59,58,1776,5.7,14.2,0.399,2.2,6.5,0.34,3.4,7.7,0.45,3.2,4.1,0.77,1.8,3.3,5.1,2.6,1.2,0.3,1.6,3.9,16.7
124,Ayo Dosunmu,SG,23,CHI,64,49,1754,4.9,9.8,0.499,1,3.2,0.316,3.9,6.6,0.587,1.2,1.5,0.811,0.9,3.1,4,3.5,1,0.4,1.8,3.3,12
125,Devon Dotson,PG,23,WAS,6,0,53,0.7,6.8,0.1,0.7,2.7,0.25,0,4.1,0,0,0,,4.1,2.7,6.8,5.4,3.4,0,2,6.1,2
126,Jeff Dowtin,PG,25,TOR,18,0,159,4.3,9.7,0.442,0.7,2.5,0.273,3.6,7.2,0.5,0.7,0.9,0.75,1.4,2.5,3.8,3.8,0.9,0.2,1.1,2.3,10
127,PJ Dozier,SG,26,SAC,8,0,14,5.1,15.4,0.333,2.6,10.3,0.25,2.6,5.1,0.5,0,0,,0,7.7,7.7,0,7.7,0,0,2.6,12.9
128,Goran Dragić,PG,36,CHI,51,0,787,5.8,13.7,0.425,2.1,5.9,0.352,3.8,7.8,0.48,1.2,1.9,0.659,0.6,2.6,3.2,6.4,0.5,0.2,2.6,2.9,14.9
129,Andre Drummond,C,29,CHI,53,0,685,7.2,11.8,0.612,0,0.1,0,7.2,11.7,0.617,2.7,5,0.531,5.9,12.8,18.7,1.6,1.8,0.9,3.2,5.2,17.1
130,Chris Duarte,SF,25,IND,43,10,835,5,13.5,0.375,2.2,7,0.319,2.8,6.4,0.436,2.5,3,0.841,0.7,4,4.7,2.7,1,0.4,1.6,2.6,14.8
131,David Duke Jr.,SG,23,BRK,18,0,173,5.8,12.7,0.459,0.2,1.7,0.125,5.6,11,0.509,1,1.9,0.556,1.7,2.5,4.2,3.3,1.5,0.2,2.9,5.6,12.9
132,Kris Dunn,PG,28,UTA,7,0,163,8.2,15,0.544,1.5,3.8,0.412,6.6,11.3,0.588,1.5,2,0.778,1.1,6.4,7.5,6.6,2.9,0.9,2.2,4.9,19.4
133,Kevin Durant,PF-SF,34,TOT,42,42,1501,10.5,18.6,0.566,1.9,4.8,0.386,8.7,13.8,0.629,6.8,7.3,0.931,0.4,6.5,6.8,5.2,0.8,1.5,3.4,2.3,29.7
133,Kevin Durant,PF,34,BRK,39,39,1403,10.5,18.8,0.559,1.8,4.8,0.376,8.7,14,0.622,6.9,7.3,0.934,0.4,6.4,6.7,5.3,0.8,1.5,3.5,2.4,29.7
133,Kevin Durant,SF,34,PHO,3,3,98,10.7,15.4,0.69,2.6,4.8,0.538,8.1,10.7,0.759,5.5,6.2,0.882,0.4,7.7,8.1,4,0.4,1.5,2.2,1.8,29.4
134,Jalen Duren,C,19,DET,53,27,1326,5.2,8.1,0.641,0,0,0,5.2,8.1,0.643,1.9,3.1,0.611,4.8,7.8,12.6,1.5,0.9,1.3,1.8,3.9,12.2
135,Tari Eason,PF,21,HOU,66,3,1348,6.2,13.8,0.454,1.2,3.4,0.357,5,10.3,0.487,2.4,3.2,0.748,4,6.2,10.2,1.8,2,1,2,4,16.1
136,Anthony Edwards,SG,21,MIN,67,67,2432,8.9,19.3,0.459,2.7,7.3,0.369,6.2,12,0.514,4.1,5.3,0.773,0.6,5.2,5.8,4.4,1.6,0.7,3.4,2.5,24.5
137,Kessler Edwards,SF,22,TOT,18,1,108,2.3,10,0.233,1,5,0.2,1.3,5,0.267,0.3,0.7,0.5,2.3,4,6.3,1.7,1.3,0.3,1.3,1.3,6
137,Kessler Edwards,SF,22,BRK,14,1,79,2.7,10.9,0.25,0.9,5.5,0.167,1.8,5.5,0.333,0.5,0.9,0.5,2.7,3.6,6.4,0.9,1.4,0.5,1.8,1.4,6.8
137,Kessler Edwards,SF,22,SAC,4,0,29,1.2,7.4,0.167,1.2,3.7,0.333,0,3.7,0,0,0,,1.2,5,6.2,3.7,1.2,0,0,1.2,3.7
138,Keon Ellis,SG,23,SAC,10,0,36,6,10,0.6,5,8,0.625,1,2,0.5,2,3,0.667,3,4,7,3,2,1,1,6,19
139,Joel Embiid,C,28,PHI,52,52,1821,11.3,21.1,0.537,1.1,3.2,0.363,10.2,18,0.567,10.4,12.1,0.858,1.8,8.6,10.4,4.2,1.1,1.6,3.6,3.3,34.2
140,Drew Eubanks,C,25,POR,64,20,1264,4.6,6.7,0.688,0.1,0.2,0.429,4.5,6.5,0.696,1.8,2.8,0.653,3,6.3,9.3,2.2,0.9,2.1,1.4,4,11.1
141,Bruno Fernando,C,24,TOT,33,4,370,4.9,9.3,0.521,0,0.1,0,4.9,9.2,0.526,2.9,4.3,0.682,4.8,7.3,12.1,3,0.6,3,2.1,6.7,12.6
141,Bruno Fernando,C,24,HOU,31,4,364,4.7,9.2,0.516,0,0.1,0,4.7,9.1,0.522,3,4.4,0.682,4.7,7.3,12.1,3,0.6,3.1,2,6.7,12.5
141,Bruno Fernando,C,24,ATL,2,0,6,12,18,0.667,0,0,,12,18,0.667,0,0,,6,6,12,6,0,0,12,6,24
142,Dorian Finney-Smith,PF,29,TOT,52,52,1621,3.5,8.8,0.395,2,6.1,0.328,1.5,2.7,0.545,0.8,1,0.739,1.9,3.7,5.6,1.8,1,0.6,1.1,2.4,9.7
142,Dorian Finney-Smith,PF,29,DAL,40,40,1288,3.6,8.7,0.416,2.2,6.1,0.355,1.5,2.6,0.559,0.8,1.1,0.75,1.9,3.4,5.3,1.6,1.1,0.6,1,2.2,10.2
142,Dorian Finney-Smith,PF,29,BRK,12,12,333,3,9.4,0.322,1.4,6.2,0.228,1.6,3.2,0.5,0.4,0.6,0.667,2.1,5,7,2.2,0.5,0.5,1.3,3,7.9
143,Malachi Flynn,PG,24,TOR,43,1,591,4.5,12.2,0.37,2.6,6.8,0.378,1.9,5.4,0.36,1,1.5,0.708,0.9,3,4,3.9,1,0.2,1.1,3.4,12.6
144,Simone Fontecchio,SF,27,UTA,38,1,438,4.6,13.2,0.348,2.7,8.8,0.308,1.9,4.4,0.426,2.1,2.6,0.781,1.6,2.2,3.8,2.1,0.7,0.6,2,3.2,14
145,Bryn Forbes,SG,29,MIN,25,0,268,4,11.1,0.361,1.9,6.2,0.304,2.1,5,0.432,2,2,1,0.5,1.5,2,2.3,0.9,0.3,1.6,3,12
146,Trent Forrest,PG,24,ATL,18,3,239,3.6,7.5,0.48,0,0.3,0,3.6,7.2,0.5,0.3,0.5,0.667,0.8,3.6,4.4,4.7,0.9,0.3,1.5,2.4,7.5
147,Michael Foster Jr.,PF,20,PHI,1,0,1,0,0,,0,0,,0,0,,0,0,,0,0,0,0,0,0,0,0,0
148,Evan Fournier,SG,30,NYK,23,7,414,4.6,13.1,0.351,2.9,8.9,0.324,1.7,4.3,0.408,1.6,1.8,0.857,0.3,3.6,3.9,3,1.2,0.3,1.7,3.7,13.7
149,De'Aaron Fox,PG,25,SAC,58,58,1979,10,19.4,0.515,1.6,5,0.325,8.4,14.4,0.581,5.3,6.7,0.785,0.5,3.9,4.5,6.7,1.3,0.3,2.8,2.6,26.9
150,Markelle Fultz,PG,24,ORL,46,46,1362,6.8,13.3,0.511,0.5,1.7,0.313,6.3,11.6,0.54,2.4,3.1,0.793,1.5,3.4,4.9,6.7,1.8,0.4,2.8,2.5,16.5
151,Wenyen Gabriel,PF,25,LAL,52,2,773,6,9.7,0.612,0.4,1.4,0.3,5.5,8.3,0.665,1.8,2.9,0.619,3.9,5.6,9.5,1,0.8,1.2,1.6,5.3,14.2
152,Daniel Gafford,C,24,WAS,64,33,1254,6.5,8.6,0.748,0,0,,6.5,8.6,0.748,2.8,4.3,0.642,3.7,6.2,9.9,1.8,0.7,2.3,1.9,4.2,15.7
153,Darius Garland,PG,23,CLE,58,58,2042,7.8,16.5,0.471,2.7,6.3,0.43,5.1,10.2,0.497,4.2,4.9,0.86,0.4,2.3,2.7,8.1,1.4,0.1,3,2.2,22.5
154,Usman Garuba,PF,20,HOU,59,1,782,3.4,6.4,0.529,1,1.7,0.553,2.4,4.7,0.52,1.2,1.9,0.595,4.5,7.4,11.9,2.4,1.8,1.2,1.7,4.7,8.9
155,Luka Garza,C,24,MIN,24,0,214,9.3,17.3,0.534,2.2,6.1,0.361,7.1,11.3,0.627,6.7,8.4,0.8,4.9,4.7,9.6,2.5,0.3,0.3,1.9,6.1,27.4
156,Rudy Gay,PF,36,UTA,51,0,742,4.6,12.2,0.377,1.3,5.4,0.232,3.3,6.8,0.493,1.8,2.1,0.864,1.6,6,7.6,2.5,0.9,0.8,1.7,3.2,12.3
157,Paul George,SG,32,LAC,51,51,1752,8.5,18.5,0.459,3,8,0.376,5.4,10.4,0.523,4.9,5.5,0.881,0.8,5.6,6.4,5.4,1.5,0.3,3.4,2.9,24.8
158,Taj Gibson,C,37,WAS,41,2,401,4.9,9.4,0.524,0.4,1.7,0.211,4.6,7.7,0.593,2.2,3.2,0.667,2.6,4.9,7.5,2.6,1.2,0.9,1.9,6.6,12.4
159,Josh Giddey,SG,20,OKC,61,61,1875,8.2,16.9,0.485,1.1,3.5,0.317,7.1,13.4,0.528,1.5,2,0.762,2.4,6.7,9.1,7.3,0.9,0.5,3.5,2.4,19
160,Shai Gilgeous-Alexander,PG,24,OKC,56,56,1991,10.4,20.5,0.51,0.9,2.6,0.342,9.5,17.8,0.534,9.8,10.8,0.906,0.9,3.9,4.8,5.7,1.7,1.1,2.9,2.8,31.6
161,Anthony Gill,PF,30,WAS,44,5,445,4.2,7.2,0.584,0.2,1.7,0.143,4,5.5,0.721,2.5,3.2,0.795,2.1,3.2,5.3,1.7,0.4,0.6,0.8,4.4,11.2
162,Rudy Gobert,C,30,MIN,55,55,1666,6.1,9.2,0.67,0,0.1,0,6.1,9.1,0.675,3.7,5.6,0.659,3.7,10,13.7,1.1,0.9,1.6,2.1,3.5,16
163,Jordan Goodwin,PG,24,WAS,47,4,829,4.7,10.3,0.456,1.2,3.2,0.37,3.5,7.1,0.494,1.6,2.1,0.755,2,4.7,6.7,5.1,2,1,1.8,3.3,12.2
164,Aaron Gordon,PF,27,DEN,54,54,1620,7.8,13.4,0.58,1.1,3.1,0.37,6.6,10.3,0.642,3.7,5.9,0.625,3,5.2,8.2,3.5,0.9,0.9,1.8,2.3,20.3
165,Eric Gordon,SG,34,TOT,56,49,1642,5.3,11.9,0.44,2.2,6.2,0.352,3.1,5.7,0.536,2.8,3.4,0.813,0.3,2.2,2.5,3.4,0.8,0.5,2,1.3,15.5
165,Eric Gordon,SG,34,HOU,47,47,1418,5.3,12.1,0.439,2.2,6.2,0.347,3.2,5.9,0.536,2.8,3.4,0.815,0.3,2.2,2.5,3.5,0.8,0.4,2.1,1.1,15.6
165,Eric Gordon,SG,34,LAC,9,2,224,4.8,10.8,0.448,2.4,6.3,0.385,2.4,4.5,0.536,2.6,3.2,0.8,0.2,2.6,2.7,3.4,1,0.8,1.1,2.3,14.6
166,Devonte' Graham,PG,27,TOT,63,3,1088,4.3,11.5,0.372,3.3,9.2,0.357,1,2.3,0.429,2.5,3.3,0.778,0.6,2.6,3.2,5.3,1.2,0.5,1.2,2.1,14.4
166,Devonte' Graham,PG,27,NOP,53,0,811,3.8,10.3,0.368,2.9,8.4,0.347,0.8,1.8,0.463,2,2.6,0.746,0.5,2.7,3.2,5.1,1.3,0.4,1.2,2.1,12.4
166,Devonte' Graham,PG,27,SAS,10,3,277,5.7,15.1,0.379,4.3,11.3,0.379,1.4,3.8,0.379,4.3,5.2,0.825,0.8,2.6,3.4,5.6,0.8,0.5,1.3,2.1,20
167,Jerami Grant,PF,28,POR,61,61,2184,7,14.7,0.475,2.3,5.8,0.403,4.7,9,0.521,4.5,5.4,0.818,0.8,3.6,4.5,2.4,0.8,0.9,1.9,2.5,20.8
168,A.J. Green,SG,23,MIL,30,0,290,6,13.4,0.444,4.8,11.2,0.433,1.1,2.2,0.5,0.5,0.5,1,0.6,3.7,4.3,2.4,0.7,0,1,3.6,17.3
169,Danny Green,SG,35,TOT,7,0,80,3.6,9.5,0.381,3.6,7.7,0.471,0,1.8,0,0.5,0.5,1,0.5,1.8,2.3,0.9,1.4,0.5,2.7,4.1,11.3
169,Danny Green,SG,35,MEM,3,0,43,2.5,9.2,0.273,2.5,6.7,0.375,0,2.5,0,0,0,,0.8,2.5,3.3,1.7,0.8,0,2.5,5,7.5
169,Danny Green,SG,35,CLE,4,0,37,4.9,9.7,0.5,4.9,8.8,0.556,0,1,0,1,1,1,0,1,1,0,1.9,1,2.9,2.9,15.6
170,Draymond Green,PF,32,GSW,59,59,1849,3.9,7.3,0.532,0.7,2,0.327,3.2,5.3,0.611,1.3,1.8,0.705,1,7.4,8.3,7.8,1.1,0.9,3,3.5,9.7
171,Jalen Green,SG,20,HOU,60,60,2017,7.9,19.1,0.413,2.7,8,0.336,5.2,11,0.468,4.9,6.2,0.784,0.5,3.5,4.1,3.8,0.8,0.3,2.9,1.8,23.3
172,JaMychal Green,PF,32,GSW,47,1,661,6,11.5,0.519,1.9,5.2,0.365,4.1,6.3,0.647,2.3,3.1,0.737,3.2,6.2,9.4,2.3,1.1,1,2.7,4.8,16.2
173,Javonte Green,SG,29,CHI,28,1,449,4.9,8.3,0.587,1,2.7,0.382,3.8,5.6,0.686,2.3,3.4,0.674,2,4.6,6.6,1.8,1.8,1.6,1.6,3.8,13.1
174,Jeff Green,PF,36,DEN,42,3,816,5.6,11.2,0.496,0.8,3.2,0.26,4.7,8,0.591,2.6,3.7,0.714,1.3,3.6,4.9,2.1,0.7,0.6,1.7,3.4,14.6
175,Josh Green,SG,22,DAL,47,14,1169,4.6,8.7,0.53,1.7,4.1,0.409,2.9,4.6,0.638,1.8,2.6,0.714,1.3,2.7,4,2.2,1.1,0.1,1.5,3.8,12.7
176,AJ Griffin,SF,19,ATL,59,11,1171,6.4,13.6,0.472,2.6,6.6,0.384,3.8,6.9,0.556,0.9,1,0.875,0.8,2.9,3.7,1.8,1.2,0.2,1,2.2,16.2
177,Blake Griffin,C,33,BOS,29,13,417,4.2,8.5,0.495,1.6,4.5,0.365,2.6,4.1,0.638,1.3,2.1,0.625,2.2,6.5,8.6,3.4,0.9,0.4,1.3,5,11.4
178,Quentin Grimes,SG,22,NYK,57,52,1677,4.3,9.7,0.449,2.3,6.5,0.359,2,3.2,0.631,1.3,1.7,0.795,0.9,3,3.9,2.3,0.7,0.5,1.2,3,12.3
179,Rui Hachimura,PF,24,TOT,48,8,1168,6.9,14.6,0.476,1.3,4,0.318,5.7,10.6,0.535,2.3,3.2,0.738,1.3,5.5,6.9,1.4,0.5,0.6,1.4,1.6,17.5
179,Rui Hachimura,PF,24,WAS,30,0,728,7.8,16,0.488,1.5,4.4,0.337,6.3,11.6,0.545,2.2,2.9,0.759,0.9,5.4,6.3,1.7,0.5,0.6,1.8,1.9,19.3
179,Rui Hachimura,PF,24,LAL,18,8,440,5.5,12.2,0.45,0.9,3.3,0.275,4.6,8.9,0.514,2.6,3.7,0.711,2,5.8,7.8,1,0.3,0.6,0.7,1.1,14.5
180,Tyrese Haliburton,PG,22,IND,54,54,1822,7.9,16.1,0.488,3.1,7.7,0.403,4.7,8.4,0.567,3.3,3.8,0.866,0.6,3.3,3.9,11.1,1.8,0.5,2.7,1.3,22.2
181,Jordan Hall,SF,21,SAS,9,0,83,3.9,12.1,0.321,1.3,6.5,0.2,2.6,5.6,0.462,3,3.9,0.778,1.3,3.9,5.2,4.8,0.4,0,3,2.6,12.1
182,R.J. Hampton,PG,21,TOT,33,0,467,4.9,11.3,0.432,1.9,5.2,0.353,3,6,0.5,3.2,3.8,0.837,0.9,3.2,4.1,3.2,1.8,0.4,2.2,2.2,14.7
182,R.J. Hampton,PG,21,ORL,26,0,361,5,11.4,0.439,1.8,5.3,0.34,3.2,6.1,0.525,3.1,3.7,0.838,0.9,3,3.9,3.4,1.6,0.4,2.1,2.2,14.9
182,R.J. Hampton,PG,21,DET,7,0,106,4.4,10.9,0.406,2,5.1,0.4,2.4,5.8,0.412,3.4,4.1,0.833,1,3.7,4.8,2.4,2.4,0.3,2.4,2,14.3
183,Tim Hardaway Jr.,SG,30,DAL,61,38,1843,5.6,14.3,0.392,3.6,9.4,0.381,2,4.9,0.414,2.1,2.7,0.764,0.4,3.8,4.2,2.1,0.9,0.2,1,1.9,16.9
184,James Harden,PG,33,PHI,48,48,1767,6.4,14.3,0.449,2.9,7.2,0.401,3.6,7.2,0.497,5.7,6.5,0.872,0.6,5.5,6.1,10.6,1.1,0.6,3.3,1.9,21.4
185,Jaden Hardy,SG,20,DAL,33,0,388,6.8,15.6,0.435,2.5,7.1,0.355,4.3,8.5,0.5,4,4.5,0.878,0.2,3.8,4,2.6,0.8,0.3,2.4,3.8,20
186,Ron Harper Jr.,SF,22,TOR,4,0,14,10.3,18,0.571,5.1,10.3,0.5,5.1,7.7,0.667,0,0,,2.6,2.6,5.1,0,0,0,0,0,25.7
187,Montrezl Harrell,C,29,PHI,51,7,626,6.4,10.7,0.602,0,0.1,0,6.4,10.6,0.609,3.4,4.9,0.694,3.5,4.6,8.1,1.8,0.9,1.4,1.8,4.3,16.3
188,Gary Harris,SG,28,ORL,36,30,896,4.3,9.2,0.467,2.7,6.2,0.439,1.6,3,0.527,1,1.1,0.893,0.7,2.5,3.2,1.8,1.4,0.2,1,2.9,12.3
189,Joe Harris,SG,31,BRK,59,33,1323,4.7,10.2,0.46,3.2,7.4,0.428,1.5,2.8,0.544,0.4,0.7,0.625,0.5,3.2,3.8,2.3,0.8,0.4,1,3.6,12.9
190,Kevon Harris,SG,25,ORL,27,0,336,3.4,8.2,0.416,1.2,3,0.393,2.3,5.2,0.429,2.4,2.9,0.815,2.5,3.2,5.7,1.3,1.4,0.3,1.7,3.9,10.4
191,Tobias Harris,PF,30,PHI,60,60,2001,6.4,12.7,0.499,1.9,4.9,0.382,4.5,7.8,0.571,1.5,1.8,0.869,1,5.3,6.3,2.8,1.1,0.6,1.3,2.2,16.1
192,Josh Hart,SF-SG,27,TOT,62,51,2025,4,7.7,0.523,0.9,2.4,0.36,3.1,5.3,0.598,1.9,2.6,0.723,2,6.7,8.7,4.2,1.2,0.2,1.7,2.9,10.8
192,Josh Hart,SF,27,POR,51,51,1704,3.9,7.7,0.504,0.7,2.4,0.304,3.1,5.3,0.594,1.8,2.5,0.731,2,6.8,8.8,4.2,1.1,0.2,1.7,2.8,10.3
192,Josh Hart,SG,27,NYK,11,0,321,4.8,7.7,0.623,1.7,2.7,0.625,3.1,5,0.622,2.2,3.3,0.69,2.2,6.1,8.3,4.3,1.6,0.6,1.9,3.5,13.6
193,Isaiah Hartenstein,C,24,NYK,68,7,1321,3.9,7.5,0.524,0.2,0.9,0.235,3.7,6.6,0.564,1.2,1.6,0.741,5,7,12.1,1.6,1,1.4,1.5,4.8,9.2
194,Udonis Haslem,C,42,MIA,6,1,46,0.8,9.4,0.083,0,1.6,0,0.8,7.8,0.1,0.8,1.6,0.5,3.1,3.1,6.3,0,0.8,0.8,0,6.3,2.3
195,Sam Hauser,PF,25,BOS,65,4,1019,4.9,10.9,0.453,3.8,9.2,0.415,1.1,1.7,0.653,0.4,0.6,0.706,1,4.8,5.8,1.7,0.7,0.7,0.8,3,14.1
196,Jaxson Hayes,C,22,NOP,39,2,539,5.2,9.1,0.574,0.2,1.8,0.111,5,7.3,0.688,3.6,5.1,0.711,2.2,5.3,7.5,2,1.3,1.1,1.9,3.9,14.2
197,Killian Hayes,PG,21,DET,61,41,1631,5,13.5,0.367,1.5,5.1,0.297,3.5,8.5,0.409,1.1,1.4,0.785,0.4,3.2,3.7,7.9,1.8,0.5,2.7,3.9,12.6
198,Gordon Hayward,SF,32,CHO,42,42,1329,6.2,13.4,0.467,1.2,3.7,0.328,5,9.6,0.52,2.8,3.5,0.806,0.8,4.2,5,4.4,1,0.3,2.3,1.7,16.5
199,Juancho Hernangómez,PF,27,TOR,42,10,614,2.8,6.7,0.421,1,3.9,0.254,1.8,2.8,0.66,0.5,0.9,0.563,1.6,5.6,7.2,1.5,0.9,0.4,0.9,2.5,7.2
200,Willy Hernangómez,C,28,NOP,33,2,434,6.9,13.2,0.522,0.2,0.8,0.2,6.7,12.4,0.544,6.5,8.2,0.788,4.7,9.4,14.1,2.6,1.2,1.1,3.1,5,20.4
201,Tyler Herro,SG,23,MIA,53,53,1878,7.5,17.3,0.431,3.1,8.3,0.375,4.4,9.1,0.482,2.6,2.8,0.918,0.5,5.2,5.7,4.4,0.8,0.3,2.5,1.7,20.6
202,Buddy Hield,SF,30,IND,67,67,2138,6.9,15,0.457,4.2,9.9,0.428,2.6,5.2,0.513,1.5,1.8,0.833,1,4.6,5.6,3,1.3,0.4,2,2.3,19.5
203,Haywood Highsmith,SF,26,MIA,45,9,856,3.4,8,0.426,1.5,4.2,0.356,1.9,3.7,0.506,0.5,1,0.458,1.9,4.9,6.9,1.3,1.4,0.6,1.5,3,8.8
204,George Hill,PG,36,TOT,37,1,693,3.2,7.1,0.456,1.2,3.9,0.316,2,3.1,0.633,1.8,2.4,0.739,0.7,2.9,3.5,4.6,1.1,0.2,1.4,2.2,9.5
204,George Hill,PG,36,MIL,35,0,668,3.2,7.1,0.447,1.2,4,0.311,1.9,3.1,0.621,1.8,2.5,0.739,0.7,2.9,3.6,4.8,1,0.2,1.5,2.2,9.4
204,George Hill,PG,36,IND,2,1,25,4.3,5.8,0.75,1.4,2.9,0.5,2.9,2.9,1,0,0,,0,1.4,1.4,0,2.9,1.4,0,2.9,10.1
205,Malcolm Hill,SF,27,CHI,5,0,9,8,16,0.5,4,12,0.333,4,4,1,0,0,,0,12,12,0,0,0,0,4,20
206,Aaron Holiday,PG,26,ATL,52,5,729,3.9,9.3,0.418,1.5,3.7,0.413,2.4,5.6,0.421,1.2,1.4,0.857,1,2.2,3.3,3.2,1.3,0.5,1.5,3.4,10.5
207,Jrue Holiday,PG,32,MIL,54,52,1777,8.2,17.1,0.477,2.7,6.9,0.385,5.5,10.2,0.54,2.6,3,0.863,1.2,4.3,5.5,7.9,1.3,0.4,3.1,2,21.6
208,Justin Holiday,SG,33,TOT,35,2,547,4,10.4,0.386,2.7,7.6,0.357,1.3,2.8,0.465,0,0.1,0,0.2,2.2,2.4,2.1,0.9,1.1,1.1,3.5,10.7
208,Justin Holiday,SG,33,ATL,28,0,411,4.2,10.9,0.384,2.6,7.6,0.345,1.6,3.3,0.474,0,0,,0.2,1.8,2,2.2,0.4,0.9,1.1,3.2,11
208,Justin Holiday,SG,33,DAL,7,2,136,3.4,8.7,0.394,2.9,7.4,0.393,0.5,1.3,0.4,0,0.5,0,0.3,3.2,3.4,1.9,2.1,1.6,1.3,4.2,9.8
209,Richaun Holmes,C,29,SAC,35,1,305,5.5,8.1,0.681,0.4,0.5,0.75,5.2,7.7,0.677,1.7,2,0.824,2.8,5.5,8.4,0.6,0.4,1.3,1.5,5.4,13.1
210,Al Horford,C,36,BOS,52,52,1611,4.3,8.9,0.485,2.6,5.8,0.454,1.7,3.1,0.543,0.3,0.4,0.737,1.4,5.9,7.4,3.2,0.5,1,0.7,2.3,11.6
211,Talen Horton-Tucker,SG,22,UTA,53,8,958,6.3,15.1,0.416,1.5,5.5,0.281,4.7,9.6,0.494,2.8,3.7,0.758,0.8,4.6,5.4,6.2,1.3,1,3.3,3.2,16.9
212,Danuel House Jr.,SF,29,PHI,41,2,593,3.8,8,0.477,1.6,4.8,0.342,2.2,3.2,0.679,1.8,2.5,0.714,0.5,3.8,4.3,1.9,0.5,0.4,1.1,3,11.1
213,Caleb Houstan,SF,20,ORL,38,2,600,3.2,8,0.398,2.2,5.7,0.379,1,2.3,0.447,0.7,0.8,0.846,1.6,3.4,4.9,1.1,0.4,0.2,0.7,3.2,9.2
214,Trevor Hudgins,PG,23,HOU,5,0,28,2.6,11.6,0.222,2.6,10.3,0.25,0,1.3,0,3.9,3.9,1,0,0,0,3.9,0,0,1.3,1.3,11.6
215,Kevin Huerter,SG,24,SAC,62,62,1872,6.7,13.6,0.489,3.2,8,0.4,3.4,5.6,0.617,1.5,2.2,0.699,0.7,3.2,3.9,3.5,1.3,0.4,1.7,2.9,18
216,De'Andre Hunter,SF,25,ATL,56,56,1779,6.4,13.8,0.465,1.8,4.9,0.363,4.6,8.9,0.52,3.1,3.8,0.829,0.7,4,4.8,1.6,0.6,0.3,1.4,3.4,17.7
217,Bones Hyland,PG,22,TOT,47,1,891,7.4,19,0.391,3.9,10.5,0.371,3.6,8.6,0.415,3.2,3.7,0.859,0.6,3.6,4.2,5.4,1.3,0.5,2.8,3.3,21.9
217,Bones Hyland,PG,22,DEN,42,1,820,7.6,19.1,0.399,4,10.6,0.378,3.6,8.5,0.425,3.1,3.6,0.866,0.4,3.3,3.8,5.5,1.2,0.6,2.9,2.9,22.3
217,Bones Hyland,PG,22,LAC,5,0,71,5.6,18.8,0.297,2.5,9.1,0.278,3,9.6,0.316,4.1,5.1,0.8,3,6.1,9.1,4.1,1.5,0,1.5,8.1,17.7
218,Serge Ibaka,C,33,MIL,16,0,185,5.1,10.5,0.481,1.2,3.5,0.333,3.9,7,0.556,1.6,2.5,0.615,2.9,5.6,8.6,0.8,0.4,1.4,2.1,4.5,12.8
219,Andre Iguodala,SF,39,GSW,6,0,86,1.7,4.2,0.4,0.4,2.9,0.143,1.3,1.3,1,0,0,,0.4,3.8,4.2,5.9,1.3,0.8,3.3,2.9,3.8
220,Joe Ingles,SF,35,MIL,33,0,747,3.7,8.9,0.416,2.6,6.9,0.375,1.1,2,0.561,0.7,0.8,0.824,0.5,4.3,4.8,4.8,1,0.2,1.9,2.8,10.7
221,Brandon Ingram,SF,25,NOP,31,31,1014,9.2,19.6,0.47,1.7,4.3,0.393,7.5,15.2,0.492,5.1,5.9,0.868,0.4,5,5.5,5.3,0.7,0.4,3.5,2.9,25.2
222,Kyrie Irving,PG,30,TOT,51,51,1894,9.6,19.6,0.491,3.2,8.3,0.382,6.5,11.3,0.571,4,4.4,0.897,1,4,4.9,5.4,1,0.7,2.2,2.7,26.4
222,Kyrie Irving,PG,30,BRK,40,40,1478,9.7,19.9,0.486,3.2,8.5,0.374,6.5,11.5,0.569,3.8,4.4,0.883,0.9,4,5,5.1,1,0.8,2.2,2.7,26.4
222,Kyrie Irving,PG,30,DAL,11,11,416,9.3,18.3,0.512,3.1,7.5,0.414,6.2,10.7,0.581,4.4,4.7,0.944,1.1,3.7,4.8,6.3,1.1,0.3,2.1,2.9,26.2
223,Jonathan Isaac,PF,25,ORL,11,0,124,6.4,15.4,0.415,1.7,4.4,0.4,4.6,11,0.421,1.5,2.6,0.556,4.4,8.4,12.8,1.7,4.1,1.2,1.2,1.5,16
224,Jaden Ivey,SG,20,DET,62,61,1873,6.2,15,0.415,1.7,5.2,0.331,4.5,9.8,0.459,4.2,5.7,0.732,1.2,3.5,4.7,5.8,1,0.3,3.5,3.7,18.4
225,Frank Jackson,PG,24,UTA,1,0,5,0,21.6,0,0,7.2,0,0,14.4,0,0,0,,7.2,7.2,14.4,7.2,0,0,0,0,0
226,Isaiah Jackson,C,21,IND,49,5,743,6,10.8,0.559,0.1,0.6,0.167,5.9,10.2,0.581,3.3,5.1,0.648,3.5,5.8,9.3,2.1,0.9,3.5,1.9,5.2,15.4
227,Jaren Jackson Jr.,C,23,MEM,48,48,1331,7.8,16,0.492,2,5.8,0.347,5.8,10.2,0.573,4.5,5.7,0.788,2.1,6.5,8.6,1.1,1.4,4.1,2,4.6,22.2
228,Justin Jackson,SF,27,BOS,23,0,107,2.4,9.1,0.259,1.7,6.7,0.25,0.7,2.4,0.286,0.3,0.7,0.5,0.7,5,5.7,3,1.3,1.3,0.7,2.4,6.7
229,Quenton Jackson,PG,24,WAS,3,0,8,9,13.5,0.667,4.5,9,0.5,4.5,4.5,1,0,0,,4.5,0,4.5,4.5,0,0,0,4.5,22.5
230,Reggie Jackson,PG,32,TOT,59,38,1485,5.6,13.9,0.406,2.1,6.2,0.346,3.5,7.7,0.453,1.6,1.7,0.903,0.6,2.5,3.1,5,1,0.1,2.5,2.5,15
230,Reggie Jackson,PG,32,LAC,52,38,1338,5.8,13.8,0.418,2.1,5.9,0.35,3.7,7.9,0.469,1.6,1.8,0.924,0.6,2.5,3.1,4.9,1,0.1,2.6,2.5,15.2
230,Reggie Jackson,PG,32,DEN,7,0,147,4.4,14.7,0.3,2.7,8.3,0.324,1.7,6.4,0.269,1,1.5,0.667,0.5,2.2,2.7,5.9,1.2,0.2,2,2.7,12.5
231,LeBron James,PF,38,LAL,47,47,1695,11.3,22.5,0.501,2.1,6.9,0.308,9.2,15.6,0.587,4.8,6.3,0.759,1.2,7.2,8.4,6.9,0.9,0.6,3.1,1.7,29.5
232,Ty Jerome,SG,25,GSW,43,2,799,5.3,10.7,0.498,1.6,4,0.398,3.7,6.7,0.557,1.7,1.8,0.927,0.3,3.2,3.5,5.9,1,0.2,1.4,2.9,13.9
233,Isaiah Joe,SG,23,OKC,58,7,1009,6.1,13.2,0.462,4.7,10.6,0.44,1.4,2.6,0.556,1.9,2.4,0.818,0.7,3.9,4.6,2.4,1.3,0.2,1,2.9,18.8
234,Alize Johnson,PF,26,SAS,4,0,30,3.6,7.2,0.5,0,2.4,0,3.6,4.8,0.75,1.2,2.4,0.5,2.4,9.6,12,1.2,1.2,0,4.8,3.6,8.4
235,Cameron Johnson,PF,26,TOT,27,26,721,7,15.3,0.458,3.5,8.8,0.401,3.4,6.4,0.535,2.8,3.5,0.803,0.9,4.4,5.3,2.1,1.4,0.4,0.8,2.5,20.4
235,Cameron Johnson,PF,26,PHO,17,16,429,6.9,14.5,0.474,3.8,8.3,0.455,3.1,6.2,0.5,2.3,2.8,0.818,1.2,4.3,5.5,2.2,1.3,0.5,0.8,2.4,19.8
235,Cameron Johnson,PF,26,BRK,10,10,292,7.2,16.4,0.436,3.2,9.6,0.333,3.9,6.8,0.582,3.7,4.7,0.789,0.6,4.6,5.2,2.1,1.7,0.4,0.9,2.7,21.2
236,Jalen Johnson,SF,21,ATL,61,6,883,5.1,10.6,0.486,1.1,3.5,0.302,4.1,7.1,0.578,1.7,2.5,0.661,1.8,7.9,9.7,2.4,1.1,1.1,1.2,3.7,13
237,James Johnson,PF,35,IND,12,1,98,3.7,9.9,0.37,1.1,3.7,0.3,2.6,6.2,0.412,1.1,1.5,0.75,0.7,5.1,5.9,2.6,1.5,1.8,1.8,8.8,9.6
238,Keldon Johnson,SF,23,SAS,56,56,1826,8.6,19.1,0.448,2.3,7.1,0.319,6.3,12,0.524,4.4,5.8,0.767,0.9,4.4,5.3,3.1,0.7,0.2,2.4,2.1,23.8
239,Keon Johnson,SG,20,POR,34,0,323,5.7,15.4,0.37,2.5,6.9,0.355,3.2,8.5,0.382,1.8,2.9,0.615,0.9,3.1,4,4.1,1.7,0.6,3.7,4,15.6
240,Stanley Johnson,SF,26,SAS,30,0,469,5,9.4,0.533,1.4,3.1,0.45,3.6,6.3,0.573,2,3,0.667,1.7,5.6,7.3,5.1,1.2,0.5,2.5,3.7,13.4
241,Nikola Jokić,C,27,DEN,58,58,1952,9.9,15.7,0.63,0.9,2.3,0.398,9,13.4,0.669,5.3,6.5,0.816,2.5,10.2,12.7,10.7,1.3,0.7,3.8,2.7,25.9
242,Carlik Jones,PG,25,CHI,2,0,23,1.6,7.8,0.2,0,1.6,0,1.6,6.3,0.25,1.6,6.3,0.25,1.6,3.1,4.7,3.1,0,0,1.6,1.6,4.7
243,Damian Jones,C,27,TOT,28,1,269,4.4,7.1,0.623,0.3,0.7,0.4,4.1,6.4,0.646,2.5,3.3,0.76,3.3,6.8,10.2,0.9,0.4,2.4,1.7,4.1,11.6
243,Damian Jones,C,27,LAL,22,1,176,4.1,7.6,0.541,0,0.6,0,4.1,7,0.588,3.1,4.1,0.75,3.7,7.6,11.3,0.8,0.6,2.5,1.8,3.5,11.3
243,Damian Jones,C,27,UTA,6,0,93,5,6.2,0.813,0.8,0.8,1,4.3,5.4,0.786,1.5,1.9,0.8,2.7,5.4,8.1,1.2,0,2.3,1.5,5.4,12.4
244,Derrick Jones Jr.,SF,25,CHI,51,0,715,4.5,8.9,0.511,0.9,2.8,0.327,3.6,6.1,0.595,2.7,3.4,0.794,2.5,3.7,6.2,1.5,1.1,1.5,1.1,3.5,12.7
245,Herbert Jones,SF,24,NOP,50,50,1457,4.2,9.5,0.444,0.9,3.1,0.291,3.3,6.4,0.519,2.3,3.1,0.748,1.8,3.3,5,2.9,2,0.8,1.6,4,11.7
246,Kai Jones,C,22,CHO,33,0,293,4.4,8.2,0.537,0.4,1.5,0.25,4.1,6.8,0.6,1.5,2,0.75,2.6,5.2,7.7,0.7,1.1,1.6,1.4,4.7,10.7
247,Tre Jones,PG,23,SAS,54,53,1570,6,13.8,0.435,0.8,3.1,0.269,5.2,10.8,0.483,2.6,3,0.891,1,3.4,4.4,7.7,1.6,0.2,2.1,1.8,15.5
248,Tyus Jones,PG,26,MEM,65,12,1505,5.9,13.5,0.436,2.3,6.1,0.381,3.5,7.3,0.482,1.6,1.9,0.815,0.6,2.9,3.5,7.3,1.7,0.1,1.4,0.6,15.7
249,DeAndre Jordan,C,34,DEN,35,5,499,5.4,7,0.773,0.1,0.1,1,5.3,6.9,0.771,1.3,3,0.439,3,9.2,12.1,2.2,0.6,1.6,3,4.7,12.2
250,Cory Joseph,PG,31,DET,48,2,822,4,9.8,0.411,1.4,4.4,0.327,2.6,5.4,0.48,1.8,2.2,0.784,0.5,2.7,3.2,6.9,1.1,0.3,1.6,3,11.3
251,Nikola Jović,PF,19,MIA,15,8,204,4.9,12.2,0.406,1.4,6.2,0.229,3.5,6,0.588,3.2,3.4,0.947,1.6,3.9,5.5,1.8,1.2,0.4,1.8,3.4,14.5
252,Johnny Juzang,SF,21,UTA,5,0,58,5.6,16.1,0.346,3.7,11.8,0.316,1.9,4.3,0.429,0,1.2,0,1.2,1.9,3.1,0.6,1.2,1.9,0.6,3.1,14.9
253,Mfiondu Kabengele,PF,25,BOS,2,0,14,2.6,5.1,0.5,0,2.6,0,2.6,2.6,1,0,0,,7.7,5.1,12.9,0,0,0,2.6,7.7,5.1
254,Frank Kaminsky,C,29,TOT,32,0,212,4.6,9.3,0.491,2,5.1,0.4,2.5,4.2,0.6,2.4,2.7,0.875,0.7,7,7.6,4.8,1,0.5,1.5,3.7,13.6
254,Frank Kaminsky,C,29,ATL,26,0,176,5.1,9,0.568,2.3,4.7,0.478,2.9,4.3,0.667,2,2.5,0.833,0.6,6.8,7.4,4.3,1,0.2,1.8,4.3,14.5
254,Frank Kaminsky,C,29,HOU,6,0,36,2,11,0.182,1,7,0.143,1,4,0.25,4,4,1,1,8,9,7,1,2,0,1,9
255,Trevor Keels,SG,19,NYK,2,0,4,9,27,0.333,9,27,0.333,0,0,,0,0,,0,18,18,0,0,0,0,0,27
256,Luke Kennard,SG,26,TOT,44,11,918,4.6,10,0.457,3,6.5,0.461,1.6,3.5,0.449,1.1,1.1,0.964,0.3,3.8,4,2.2,0.8,0.2,1.4,2.3,13.3
256,Luke Kennard,SG,26,LAC,35,11,725,4.9,10.5,0.464,2.9,6.6,0.447,1.9,3.9,0.494,0.9,1,0.95,0.3,3.8,4.1,1.8,0.9,0.2,1.5,2.3,13.6
256,Luke Kennard,SG,26,MEM,9,0,193,3.5,8.4,0.422,3.4,6.5,0.514,0.2,1.9,0.1,1.5,1.5,1,0.2,3.5,3.7,3.4,0.2,0,0.9,2.2,11.9
257,Walker Kessler,C,21,UTA,63,29,1397,6,8.3,0.718,0,0.1,0.5,6,8.3,0.72,1.8,3.3,0.543,4.9,8.3,13.2,1.3,0.6,3.7,1.3,3.7,13.8
258,Braxton Key,SF,25,DET,3,0,9,4,4,1,0,0,,4,4,1,8,8,1,0,4,4,0,0,0,0,0,16
259,Corey Kispert,SF,23,WAS,58,32,1586,4.4,8.9,0.494,2.6,5.9,0.431,1.8,3,0.618,1.2,1.3,0.864,0.5,3.1,3.6,1.6,0.7,0.1,0.9,1.6,12.5
260,Maxi Kleber,C,31,DAL,25,0,634,3.4,6.8,0.5,1.6,4.3,0.373,1.8,2.6,0.711,0.7,1.1,0.6,1.1,4,5.2,1.5,0.5,1.3,0.7,3.2,9.1
261,Nathan Knight,PF,25,MIN,34,0,276,5.6,9.8,0.573,1,2.7,0.381,4.6,7,0.648,4.7,6.9,0.679,2.7,4,6.8,1.7,1.2,0.8,2.5,4.7,17
262,Kevin Knox,PF-SF,23,TOT,49,1,625,5,10.8,0.46,2.5,6.9,0.358,2.5,3.9,0.642,1.6,2,0.8,1.3,5.2,6.5,0.9,0.9,0.7,1.8,4.6,14
262,Kevin Knox,PF,23,DET,42,1,593,5.1,10.9,0.469,2.6,7,0.371,2.5,3.8,0.651,1.6,2,0.788,1.2,5.3,6.6,0.9,0.8,0.7,1.9,4.5,14.4
262,Kevin Knox,SF,23,POR,7,0,32,2.3,9,0.25,0,4.5,0,2.3,4.5,0.5,2.3,2.3,1,2.3,3.4,5.6,0,1.1,0,0,5.6,6.8
263,Christian Koloko,C,22,TOR,46,19,663,3.3,6.8,0.484,0.1,0.5,0.111,3.3,6.4,0.513,1.9,2.9,0.66,3.9,4.1,8,1.2,0.7,2.6,1,6,8.6
264,John Konchar,SG,26,MEM,57,22,1235,3.5,8,0.44,1.6,4.5,0.366,1.9,3.6,0.533,0.8,0.9,0.839,1.4,5.9,7.3,2.3,1.7,0.4,0.9,2.6,9.4
265,Furkan Korkmaz,SG,25,PHI,26,0,259,4.7,11.1,0.425,1.8,5,0.361,2.9,6.1,0.477,2.8,4.2,0.667,0.8,3.3,4.2,2.5,0.8,0.4,2.4,1.4,14
266,Luke Kornet,C,27,BOS,56,0,641,4.9,7.1,0.685,0.2,0.5,0.333,4.7,6.6,0.712,1.6,2,0.806,4,4.8,8.8,2.1,0.6,2.3,1.2,3.9,11.6
267,Vit Krejci,PG,22,ATL,22,0,122,3.2,8.6,0.379,1.5,5.3,0.278,1.8,3.2,0.545,0.3,0.6,0.5,0.6,3.5,4.1,3.5,0.9,0.3,1.2,3.2,8.3
268,Jonathan Kuminga,PF,20,GSW,54,12,1089,6.4,12.8,0.503,1.3,3.8,0.345,5.1,9,0.57,2.2,3.4,0.667,1.7,4.2,5.9,3.2,1.1,0.8,2.7,4.1,16.5
269,Kyle Kuzma,PF,27,WAS,60,60,2113,8.3,18.5,0.448,2.6,7.8,0.333,5.7,10.7,0.531,2.8,3.8,0.731,0.9,6.5,7.5,3.9,0.6,0.5,3.1,2.3,21.9
270,Anthony Lamb,SF,25,GSW,50,3,1005,4.5,9.5,0.475,2.4,6.2,0.379,2.1,3.3,0.659,1.2,1.6,0.733,1.6,4.5,6.1,3.1,0.9,0.5,1.7,4.2,12.6
271,Jock Landale,C,27,PHO,57,3,811,6.1,12,0.509,0.8,3.5,0.244,5.3,8.6,0.617,3.2,4.2,0.768,4.5,5.9,10.4,2.3,0.6,1.3,2.2,4.6,16.3
272,Romeo Langford,SG,23,SAS,33,19,659,5.5,11.4,0.483,0.7,2.6,0.271,4.8,8.8,0.547,1.4,2.1,0.641,2.6,2.5,5.1,2.4,0.9,0.6,1.3,3.1,13.1
273,Jake LaRavia,PF,21,MEM,32,0,388,3.2,8.3,0.393,2,6,0.338,1.2,2.2,0.542,0.6,0.8,0.778,1.6,4,5.6,1.9,1.1,0.4,1.7,4.4,9.2
274,Zach LaVine,SG,27,CHI,62,62,2227,8.6,18,0.48,2.8,7.3,0.384,5.8,10.7,0.545,4.8,5.6,0.845,0.5,4.2,4.7,4,1,0.2,2.6,2.2,24.8
275,A.J. Lawson,SG,22,TOT,13,0,63,7.4,14.9,0.5,4,9.1,0.438,3.4,5.7,0.6,0.6,1.7,0.333,1.1,4.6,5.7,0.6,0.6,0,0.6,4.6,19.4
275,A.J. Lawson,SG,22,MIN,1,0,2,18,18,1,0,0,,18,18,1,0,0,,0,18,18,0,0,0,0,18,36
275,A.J. Lawson,SG,22,DAL,12,0,61,7.1,14.8,0.48,4.1,9.4,0.438,3,5.3,0.556,0.6,1.8,0.333,1.2,4.1,5.3,0.6,0.6,0,0.6,4.1,18.9
276,Damion Lee,SG,30,PHO,66,5,1406,4.7,10.6,0.443,2.6,5.9,0.444,2.1,4.7,0.443,2.4,2.6,0.902,0.8,4.5,5.3,2.5,0.7,0.2,1.8,2.7,14.4
277,Saben Lee,PG,23,TOT,22,0,302,4.4,10.5,0.42,0.8,2.4,0.35,3.6,8.1,0.441,4.3,5.6,0.766,1.3,3.1,4.4,6.6,1.8,0.1,2.7,3.2,13.9
277,Saben Lee,PG,23,PHI,2,0,10,10.8,14.4,0.75,0,3.6,0,10.8,10.8,1,0,0,,0,0,0,7.2,3.6,0,10.8,3.6,21.6
277,Saben Lee,PG,23,PHO,20,0,292,4.2,10.4,0.405,0.9,2.3,0.368,3.3,8,0.415,4.4,5.8,0.766,1.4,3.2,4.6,6.5,1.7,0.1,2.5,3.2,13.7
278,Alex Len,C,29,SAC,16,1,49,3.7,7.3,0.5,0,0.7,0,3.7,6.6,0.556,2.2,2.9,0.75,2.9,8.1,11,3.7,0,0,4.4,7.3,9.6
279,Kawhi Leonard,SF,31,LAC,40,38,1334,9,17.8,0.508,2,4.9,0.417,7,12.9,0.542,5.1,5.8,0.87,1.3,5.6,6.9,4.2,1.5,0.6,1.8,1.7,25.1
280,Meyers Leonard,C,30,MIL,5,0,34,4.2,10.6,0.4,4.2,9.5,0.444,0,1.1,0,2.1,2.1,1,2.1,8.5,10.6,0,1.1,0,2.1,6.4,14.8
281,Caris LeVert,SG,28,CLE,62,26,1850,4.9,12,0.41,1.8,5,0.359,3.2,7.1,0.446,2.1,2.9,0.718,0.9,3.9,4.8,4.7,1,0.3,1.9,2.7,13.8
282,Kira Lewis Jr.,PG,21,NOP,18,0,199,6.3,13.4,0.473,2.4,5.1,0.464,4,8.3,0.478,2.9,3.3,0.889,0.9,4.9,5.8,3.1,1.3,0.2,1.6,3.8,17.9
283,Damian Lillard,PG,32,POR,53,53,1920,9.7,20.7,0.467,4.2,11.3,0.375,5.4,9.4,0.578,8.6,9.4,0.918,0.7,3.9,4.6,7.1,0.9,0.3,3.2,1.9,32.1
284,Nassir Little,SF,22,POR,45,2,786,4.9,10.4,0.471,2.4,5.8,0.409,2.5,4.6,0.55,1.1,1.6,0.657,0.9,4.5,5.4,2,0.7,0.8,1.1,2.3,13.2
285,Isaiah Livers,PF,24,DET,44,14,972,3.4,8.2,0.421,2.2,6.1,0.364,1.2,2.1,0.589,0.8,1,0.786,0.7,3.3,4,1.2,0.9,0.9,1,3.1,9.9
286,Kenneth Lofton Jr.,PF,20,MEM,12,0,40,8.1,19.8,0.409,0.9,4.5,0.2,7.2,15.3,0.471,2.7,4.5,0.6,0.9,3.6,4.5,7.2,0.9,0,1.8,5.4,19.8
287,Kevon Looney,C,26,GSW,67,58,1554,4.6,6.9,0.664,0,0,0,4.6,6.9,0.667,1.6,2.7,0.602,4.7,9.1,13.9,3.7,0.8,0.9,0.9,4.4,10.8
288,Brook Lopez,C,34,MIL,65,65,1978,6.9,13.4,0.514,2.2,5.8,0.383,4.7,7.6,0.612,2,2.7,0.762,2.4,5.5,7.9,1.5,0.6,2.9,1.7,3,18
289,Robin Lopez,C,34,CLE,32,1,245,5.6,8.5,0.655,0.3,0.4,0.667,5.3,8.1,0.655,1.8,2.4,0.75,2.8,3.1,5.9,2.1,0.1,0.6,3.1,4.8,13.2
290,Kevin Love,PF,34,TOT,48,10,976,4.8,12.3,0.39,2.8,8.4,0.338,2,3.9,0.505,2.3,2.6,0.887,1.8,10.4,12.2,3.3,0.4,0.3,2,2.9,14.8
290,Kevin Love,PF,34,CLE,41,3,821,4.9,12.5,0.389,3,8.6,0.354,1.8,3.9,0.467,2.5,2.8,0.889,1.8,10.4,12.3,3.3,0.3,0.3,2.1,2.9,15.2
290,Kevin Love,PF,34,MIA,7,7,155,4.4,11.1,0.396,1.9,7.7,0.242,2.6,3.5,0.733,1.6,1.9,0.875,1.6,10.5,12.1,3,0.9,0.5,1.6,3.3,12.3
291,Kyle Lowry,PG,36,MIA,44,44,1464,4.2,10.5,0.396,2.2,6.6,0.333,1.9,3.9,0.503,2.5,2.9,0.855,0.9,3.7,4.7,5.7,1.2,0.4,2.1,3,13
292,Trey Lyles,PF,27,SAC,59,0,972,5.8,11.8,0.489,2.5,6.8,0.372,3.3,5,0.647,3.1,3.9,0.802,2,6.4,8.5,2,0.8,1,1.9,2.8,17.2
293,Théo Maledon,PG,21,CHO,36,1,581,4,9.7,0.414,1.3,3.9,0.333,2.7,5.8,0.468,3,3.5,0.875,0.6,4.8,5.3,5.3,1.7,0.4,2.2,2.3,12.4
294,Sandro Mamukelashvili,C,23,TOT,26,0,250,3.3,9.8,0.338,1.4,5.3,0.27,1.9,4.5,0.419,1.9,2.7,0.684,3,5.9,8.9,2.3,0.7,0.7,1.6,3.9,9.9
294,Sandro Mamukelashvili,C,23,MIL,24,0,217,3.2,9.6,0.328,1.2,5.3,0.219,2,4.3,0.462,2,3,0.667,3,6.3,9.3,2.7,0.7,0.8,1.5,3.2,9.5
294,Sandro Mamukelashvili,C,23,SAS,2,0,33,4.4,10.9,0.4,3.3,5.5,0.6,1.1,5.5,0.2,1.1,1.1,1,3.3,3.3,6.5,0,1.1,0,2.2,8.7,13.1
295,Terance Mann,SG,26,LAC,67,35,1570,5.4,10.1,0.532,1.5,3.7,0.393,3.9,6.4,0.613,1.7,2.2,0.777,1.5,4.1,5.5,3.5,0.8,0.4,1.5,2.9,13.9
296,Tre Mann,PG,21,OKC,58,4,1055,5.9,15.3,0.388,2.5,8,0.315,3.4,7.3,0.467,1.3,1.7,0.74,0.8,3.8,4.6,3.4,1.2,0.4,1.8,3,15.7
297,Boban Marjanović,C,34,HOU,24,0,116,9.6,14,0.689,0,0.3,0,9.6,13.7,0.705,5.6,7.4,0.75,4,8.7,12.7,1.6,1.2,0.3,2.5,1.6,24.8
298,Lauri Markkanen,SF,25,UTA,60,60,2062,9,17.6,0.512,3.2,7.8,0.406,5.8,9.8,0.596,5.4,6.2,0.871,2,6.9,8.9,1.9,0.6,0.6,2,2.2,26.6
299,Naji Marshall,SF,25,NOP,61,19,1505,4.9,11.3,0.429,1.4,4.5,0.309,3.5,6.8,0.509,2.8,3.5,0.788,1,4.5,5.5,3.7,1.1,0.3,1.7,2.1,13.8
300,Caleb Martin,PF,27,MIA,57,49,1701,4.6,9.8,0.465,1.6,4.3,0.374,3,5.5,0.534,1.6,2,0.789,1.6,4.4,6,1.9,1.2,0.6,1.4,2.5,12.3
301,Cody Martin,SF,27,CHO,7,0,134,3.8,9.7,0.389,0.8,3.8,0.214,3,5.9,0.5,1.1,1.9,0.571,2.1,4.3,6.4,3,1.1,0.3,0.5,3.5,9.4
302,Kenyon Martin Jr.,SF,22,HOU,66,33,1781,6.4,11.3,0.565,1.1,3.5,0.314,5.3,7.9,0.676,2.3,3.4,0.665,2,5.5,7.5,2.1,0.7,0.5,1.6,2.4,16.2
303,Tyrese Martin,SG,23,ATL,13,0,45,4.8,12.8,0.375,0.8,4,0.2,4,8.8,0.455,1.6,1.6,1,1.6,3.2,4.8,0,0.8,0,0.8,1.6,12
304,Garrison Mathews,SG,26,TOT,47,0,608,3.6,10.1,0.357,3.2,9.2,0.346,0.4,0.9,0.467,2.4,2.7,0.911,0.6,3.1,3.7,1.4,1.4,0.2,1.1,3.3,12.8
304,Garrison Mathews,SG,26,HOU,45,0,602,3.6,10.2,0.353,3.2,9.3,0.342,0.4,0.9,0.467,2.5,2.7,0.911,0.6,3.1,3.7,1.4,1.4,0.2,1.1,3.3,12.8
304,Garrison Mathews,SG,26,ATL,2,0,6,6,6,1,6,6,1,0,0,,0,0,,0,6,6,0,0,0,0,0,18
305,Bennedict Mathurin,SF,20,IND,67,6,1860,6.9,16,0.428,1.7,5.4,0.315,5.1,10.6,0.485,6.2,7.4,0.828,1.4,3.8,5.2,1.8,0.8,0.2,2.3,2.6,21.6
306,Wesley Matthews,SG,36,MIL,39,0,608,2.3,7,0.331,1.8,5.6,0.326,0.5,1.4,0.348,1,1.2,0.85,1.8,3.4,5.2,1.2,1,0.6,0.9,3.3,7.5
307,Tyrese Maxey,SG,22,PHI,46,27,1515,8,17,0.468,2.7,6.5,0.409,5.3,10.5,0.505,3.5,4.3,0.832,0.4,2.6,3,3.8,0.9,0.1,1.5,2.4,22.1
308,Miles McBride,PG,22,NYK,53,2,627,3.3,9.9,0.335,1.8,6.3,0.282,1.6,3.6,0.429,1.3,1.8,0.688,0.6,1.9,2.5,3.4,1.6,0.2,1.2,2.8,9.7
309,CJ McCollum,SG,31,NOP,59,59,2068,8.1,18.7,0.436,2.9,7.6,0.38,5.3,11.1,0.474,2.6,3.2,0.795,0.8,3.6,4.5,6,0.9,0.6,2.7,2,21.7
310,T.J. McConnell,PG,30,IND,64,6,1264,6.2,11.7,0.527,0.6,1.3,0.447,5.6,10.4,0.537,1.3,1.5,0.852,1.1,4.4,5.5,9.1,2,0.1,3.2,2.4,14.3
311,Jaden McDaniels,PF,22,MIN,64,64,1960,5.3,10.2,0.518,1.5,3.9,0.387,3.8,6.4,0.598,1.4,1.9,0.738,1.5,3.1,4.6,2.4,1.1,1.2,1.7,4,13.5
312,Jalen McDaniels,SF,25,TOT,67,22,1683,5.2,11.6,0.451,1.5,4.5,0.321,3.8,7.1,0.535,2.3,2.7,0.835,1.2,5.5,6.7,2.6,1.5,0.6,1.9,4,14.2
312,Jalen McDaniels,SF,25,CHO,56,21,1494,5.3,11.9,0.447,1.6,4.9,0.322,3.8,7,0.534,2.1,2.5,0.846,1.1,5.4,6.5,2.7,1.6,0.7,1.9,3.8,14.3
312,Jalen McDaniels,SF,25,PHI,11,1,189,4.6,9.3,0.49,0.6,1.9,0.3,4,7.4,0.538,3.4,4.4,0.783,2.3,5.7,8,1.7,1.1,0,1.3,5.7,13.1
313,Doug McDermott,SF,31,SAS,55,0,1122,6.4,14,0.457,3.2,7.9,0.411,3.1,6.1,0.519,1.2,1.6,0.745,0.5,3.2,3.8,2.5,0.3,0.2,1.6,3.1,17.2
314,JaVale McGee,C,35,DAL,36,7,293,7.9,13,0.604,0.1,0.5,0.25,7.7,12.5,0.618,2.2,3.9,0.563,3.4,8,11.4,1.2,0.5,2.6,3.8,5.3,18.1
315,Bryce McGowens,SG,20,CHO,32,1,473,3.1,8.4,0.373,1.1,3.2,0.333,2.1,5.2,0.397,1.9,2.6,0.735,0.9,3.5,4.4,2.1,0.6,0.3,1.4,1.8,9.2
316,Rodney McGruder,SG,31,DET,26,6,332,3.5,8.9,0.39,2.3,6.1,0.375,1.2,2.8,0.423,1.2,1.6,0.733,1.3,2.9,4.2,2.1,0.9,0,0.9,2.3,10.4
317,Jordan McLaughlin,PG,26,MIN,30,0,464,3.3,8,0.417,1,4.3,0.236,2.3,3.7,0.625,0.7,0.8,0.9,1.1,2.6,3.6,7.1,1.9,0.2,1.7,1.2,8.4
318,De'Anthony Melton,PG,24,PHI,62,51,1751,4.6,10.9,0.423,2.7,6.7,0.396,2,4.2,0.466,1.1,1.4,0.809,1.2,4.1,5.3,3.4,2.1,0.7,1.7,3.1,13.1
319,Sam Merrill,SG,26,CLE,1,0,4,9,18,0.5,0,9,0,9,9,1,0,0,,0,0,0,0,0,0,0,0,18
320,Chimezie Metu,C,25,SAC,52,0,575,6.8,11.1,0.607,0.5,2,0.25,6.3,9.1,0.685,2.1,2.8,0.733,2.5,7.7,10.2,2.3,1.1,0.9,1.8,4.3,16.1
321,Khris Middleton,SF,31,MIL,23,9,517,7.7,18.6,0.412,2.2,7.4,0.292,5.5,11.2,0.491,4.3,4.7,0.912,1.3,5.4,6.8,7.2,1.1,0.2,3.4,3.4,21.8
322,Patty Mills,PG,34,BRK,38,1,515,5.7,13.5,0.42,3.3,8.6,0.382,2.4,4.9,0.486,1.5,1.6,0.913,0.6,2.4,2.9,3.6,1,0.2,1.8,1.9,16.1
323,Shake Milton,SG,26,PHI,61,9,1244,5.8,11.7,0.493,1.4,3.5,0.392,4.4,8.3,0.535,2.3,2.7,0.839,0.8,3.6,4.4,5,0.5,0.3,2.2,2.7,15.2
324,Josh Minott,SF,20,MIN,12,0,74,6.8,13.6,0.5,0.5,2.4,0.2,6.3,11.2,0.565,2.9,2.9,1,2.4,8.3,10.7,1.5,1.5,2.9,0,3.4,17
325,Davion Mitchell,PG,24,SAC,64,7,1160,4.6,9.9,0.462,1.6,4.7,0.336,3,5.2,0.578,0.7,0.8,0.778,0.4,2.1,2.5,4.4,1,0.4,1.6,2.9,11.4
326,Donovan Mitchell,SG,26,CLE,57,57,2024,9.8,20.5,0.477,3.6,9.5,0.383,6.1,11,0.558,4.6,5.3,0.878,1,3.2,4.2,4.8,1.5,0.4,2.7,2.4,27.8
327,Evan Mobley,PF,21,CLE,66,66,2259,6.9,12.5,0.551,0.3,1.5,0.209,6.6,11.1,0.596,2.7,4,0.687,2.5,7,9.5,2.9,0.8,1.5,2.2,3,16.9
328,Isaiah Mobley,PF,23,CLE,9,0,26,5.5,11.1,0.5,1.4,2.8,0.5,4.2,8.3,0.5,0,0,,1.4,13.8,15.2,0,1.4,0,0,2.8,12.5
329,Chima Moneke,SF,27,SAC,2,0,8,4.5,9,0.5,0,0,,4.5,9,0.5,0,9,0,9,0,9,4.5,0,0,9,9,9
330,Malik Monk,SG,24,SAC,62,0,1391,7.6,16.7,0.454,2.8,8.1,0.343,4.8,8.6,0.559,4,4.4,0.901,0.8,3.4,4.1,6.2,0.9,0.4,3.2,2.6,21.9
331,Moses Moody,SG,20,GSW,50,3,668,4.3,9.9,0.435,2.1,6.3,0.336,2.2,3.7,0.603,1.7,2.4,0.727,1.2,3,4.2,2.3,0.9,0.3,1.6,2,12.4
332,Wendell Moore Jr.,SG,21,MIN,25,2,144,4,9.7,0.41,0.5,4.2,0.118,3.5,5.5,0.636,1,1.2,0.8,0.5,3.5,4,4.2,1.7,1.2,2,3.2,9.5
333,Ja Morant,PG,23,MEM,53,53,1721,10.6,22.9,0.463,1.8,5.6,0.316,8.8,17.3,0.512,7,9.5,0.744,1.3,5.4,6.6,9.1,1.2,0.3,3.8,1.8,30
334,Marcus Morris,PF,33,LAC,58,58,1647,5.6,13,0.428,2.3,6.3,0.369,3.2,6.7,0.484,1.4,1.8,0.786,0.5,4.6,5.1,2.3,0.8,0.5,1.1,2.7,14.9
335,Markieff Morris,PF,33,TOT,31,1,304,4.1,10.3,0.402,2.6,6.4,0.407,1.5,3.9,0.394,1.2,1.2,1,1.5,5.8,7.3,3.1,1.1,0.6,1.9,4.5,12.1
335,Markieff Morris,PF,33,BRK,27,1,285,4.2,10.4,0.402,2.5,6.2,0.408,1.6,4.2,0.394,1.3,1.3,1,1.6,5.8,7.5,3.2,1,0.6,1.8,4.2,12.1
335,Markieff Morris,PF,33,DAL,4,0,19,3.8,9.5,0.4,3.8,9.5,0.4,0,0,,0,0,,0,5.7,5.7,1.9,1.9,0,3.8,9.5,11.4
336,Monte Morris,PG,27,WAS,52,51,1450,5.1,10.6,0.48,1.7,4.3,0.405,3.4,6.3,0.531,1.3,1.7,0.806,0.5,3.9,4.4,6.8,0.9,0.2,1.2,1.8,13.3
337,Trey Murphy III,SF,22,NOP,63,49,1859,5.4,11.4,0.474,2.7,6.9,0.389,2.7,4.5,0.604,2.2,2.4,0.911,1,3.5,4.5,1.7,1.3,0.6,0.9,2.4,15.6
338,Dejounte Murray,SG,26,ATL,61,61,2220,8.3,17.8,0.467,2,5.6,0.362,6.3,12.3,0.515,2.1,2.4,0.847,0.7,4.6,5.3,6,1.5,0.3,2.2,1.4,20.7
339,Jamal Murray,PG,25,DEN,52,52,1700,8.1,17.7,0.455,2.8,7.1,0.389,5.3,10.6,0.499,3.2,3.9,0.825,0.8,3.5,4.4,6.6,1.1,0.2,2.3,1.5,22.1
340,Keegan Murray,SF,22,SAC,63,61,1876,5.2,11.6,0.448,3,7.3,0.409,2.2,4.3,0.513,1,1.3,0.794,1.4,4.2,5.6,1.4,1,0.6,1,2.3,14.4
341,Mike Muscala,C,31,TOT,52,7,775,5,11.5,0.435,3.2,8.2,0.384,1.9,3.3,0.563,1.5,1.9,0.78,1.3,6.3,7.6,1.9,0.7,1,0.9,3.9,14.7
341,Mike Muscala,C,31,OKC,43,5,622,5.2,11.7,0.438,3.2,8.2,0.394,1.9,3.5,0.541,1.8,2.3,0.795,1.3,6.5,7.8,2.2,0.6,1.1,0.8,4.1,15.3
341,Mike Muscala,C,31,BOS,9,2,153,4.5,10.6,0.422,2.8,8.2,0.343,1.6,2.4,0.7,0.2,0.5,0.5,0.9,5.6,6.6,0.5,0.9,0.7,1.2,3.5,12
342,Svi Mykhailiuk,SF,25,TOT,18,0,105,4.8,11,0.438,3.4,6.9,0.5,1.4,4.1,0.333,1.7,3.4,0.5,0.7,3.8,4.5,1.7,0.3,0,1.4,1.4,14.7
342,Svi Mykhailiuk,SF,25,NYK,13,0,40,5.4,10.8,0.5,5.4,9,0.6,0,1.8,0,2.7,4.5,0.6,0,6.3,6.3,0.9,0.9,0,1.8,0.9,18.9
342,Svi Mykhailiuk,SF,25,CHO,5,0,65,4.4,11.1,0.4,2.2,5.5,0.4,2.2,5.5,0.4,1.1,2.8,0.4,1.1,2.2,3.3,2.2,0,0,1.1,1.7,12.2
343,Larry Nance Jr.,PF,30,NOP,50,1,1113,5.2,8.5,0.616,0.4,1.2,0.342,4.8,7.3,0.662,1.6,2.3,0.676,2.9,6.6,9.5,3.1,1.4,1.1,1.2,3.4,12.5
344,Andrew Nembhard,SG,23,IND,60,48,1599,4.3,10.1,0.421,1.6,4.7,0.335,2.7,5.4,0.496,0.7,0.8,0.833,0.6,3,3.6,5.3,1.4,0.3,2.1,3.3,10.8
345,Aaron Nesmith,SF,23,IND,58,46,1427,4.8,11.6,0.416,2.1,6.2,0.348,2.7,5.5,0.493,2.2,2.6,0.864,1.2,4.3,5.5,1.8,1.1,0.6,1.4,4.9,14.1
346,Raul Neto,PG,30,CLE,42,1,427,3.9,7.6,0.511,1,3.1,0.324,2.9,4.5,0.642,1.9,2.1,0.92,0.6,2.8,3.4,4.9,1.3,0.3,1.2,3.1,10.7
347,Georges Niang,PF,29,PHI,62,0,1195,5.5,12.3,0.447,3.9,9.5,0.408,1.6,2.8,0.581,0.9,1,0.853,0.5,4,4.5,2,0.7,0.3,1.3,3.6,15.7
348,Daishen Nix,PG,20,HOU,47,7,784,3.4,9.4,0.358,1.7,5.4,0.305,1.7,3.9,0.43,1.1,1.6,0.676,0.7,3.2,3.9,5.5,1.3,0.3,3.2,2.4,9.4
349,Zeke Nnaji,PF,22,DEN,44,5,584,5.4,9.4,0.572,0.8,2.8,0.289,4.6,6.6,0.692,2.2,3.3,0.667,3.5,2.8,6.3,0.7,0.9,1.2,1.2,5,13.7
350,Nerlens Noel,C,28,TOT,16,4,188,2.5,6.5,0.382,0.2,0.4,0.5,2.3,6.1,0.375,1.3,1.9,0.7,1.9,6.9,8.8,1.9,2.9,1.9,2.5,5.9,6.5
350,Nerlens Noel,C,28,DET,14,3,152,2.8,7.1,0.4,0.2,0.5,0.5,2.6,6.6,0.393,1.7,2.4,0.7,1.7,7.1,8.8,1.7,3.1,2.1,1.9,5.9,7.6
350,Nerlens Noel,C,28,BRK,2,1,36,1,4,0.25,0,0,,1,4,0.25,0,0,,3,6,9,3,2,1,5,6,2
351,Jaylen Nowell,SG,23,MIN,62,2,1207,8,17.9,0.446,2,6.7,0.293,6,11.2,0.537,2.3,2.9,0.784,1,3.9,4.9,3.8,1.2,0.1,1.8,2.8,20.2
352,Frank Ntilikina,PG,24,DAL,41,3,484,2.5,7.4,0.34,0.8,3.9,0.208,1.7,3.5,0.489,1.2,1.8,0.667,0.4,3.5,3.9,3.4,0.8,0.3,1.9,3.9,7.1
353,Kendrick Nunn,SG-PG,27,TOT,57,2,797,6.7,16,0.418,2.6,7.8,0.335,4.1,8.2,0.497,1.2,1.4,0.839,0.5,3.3,3.9,3.1,0.9,0.1,2.3,2.3,17.2
353,Kendrick Nunn,SG,27,LAL,39,2,528,7,17.1,0.406,2.8,8.6,0.325,4.2,8.5,0.488,1.2,1.4,0.81,0.3,3.4,3.7,2.3,0.7,0.2,2.1,2.4,17.9
353,Kendrick Nunn,PG,27,WAS,18,0,269,6.2,13.8,0.447,2.3,6.3,0.362,3.9,7.5,0.518,1.2,1.3,0.9,0.9,3.2,4.1,4.6,1.2,0,2.5,2.1,15.8
354,Jusuf Nurkić,C,28,POR,46,46,1244,6.8,13,0.521,1.1,3,0.379,5.6,10,0.564,3.4,5,0.676,3,9.5,12.5,3.8,1.1,1.1,3.2,4.8,18.1
355,Jordan Nwora,SF,24,TOT,47,5,783,5.3,12.8,0.416,2.4,6.3,0.384,2.9,6.5,0.447,2.1,2.5,0.818,1.7,5.3,6.9,2.6,0.9,0.4,1.8,2,15.2
355,Jordan Nwora,SF,24,MIL,38,3,597,4.6,11.9,0.386,2.4,6.2,0.392,2.2,5.7,0.379,2.2,2.6,0.86,1.7,5.3,7.1,2.3,0.7,0.4,2.1,2.1,13.8
355,Jordan Nwora,SF,24,IND,9,2,186,7.7,15.9,0.488,2.5,7,0.361,5.2,8.9,0.587,1.5,2.3,0.667,1.4,5.2,6.6,3.5,1.4,0.4,1.2,1.7,19.5
356,Royce O'Neale,SF,29,BRK,62,52,2018,3.4,8.7,0.388,2.4,6.1,0.391,1,2.6,0.381,0.7,0.9,0.736,0.8,4.6,5.4,4.2,0.9,0.7,1.6,3.4,9.8
357,Chuma Okeke,SF,24,ORL,21,7,410,3,8.1,0.37,1.8,5.6,0.313,1.2,2.5,0.5,1.4,1.8,0.762,1.8,5,6.8,2.3,1.1,0.8,0.9,3,9.1
358,Josh Okogie,SG,24,PHO,56,10,921,4.8,11.7,0.41,1.8,5.4,0.331,3,6.3,0.478,3.6,5,0.724,3.4,3.9,7.3,2.7,1.6,0.9,2,3.2,15
359,Onyeka Okongwu,C,22,ATL,64,17,1512,5.8,9.3,0.628,0,0.2,0.286,5.8,9.1,0.634,2.4,3.3,0.739,3.9,6.9,10.8,1.6,1,1.9,1.5,5,14.1
360,Isaac Okoro,SF,22,CLE,68,38,1445,3.9,7.9,0.492,1.3,3.8,0.351,2.5,4.1,0.626,1.8,2.4,0.75,1.1,3.1,4.2,1.9,1.2,0.7,1,3.3,10.9
361,KZ Okpala,PF,23,SAC,35,3,248,2.3,5.5,0.421,1,3,0.333,1.3,2.5,0.529,1,1.2,0.875,1,3.9,4.9,1.9,1,1,1,5.7,6.7
362,Victor Oladipo,SG,30,MIA,34,1,932,4.9,12.4,0.391,1.9,6.3,0.309,2.9,6.2,0.475,2,2.7,0.754,0.5,3.7,4.3,4.6,1.8,0.3,2.7,3.3,13.7
363,Kelly Olynyk,C,31,UTA,55,55,1553,5,10.2,0.493,1.8,4.5,0.396,3.2,5.7,0.569,3.6,4.3,0.838,1.6,5.5,7.1,4.2,1.2,0.8,2.9,4.5,15.4
364,Eugene Omoruyi,SF,25,TOT,27,2,337,5.7,12.3,0.461,1.1,3.8,0.278,4.6,8.4,0.544,2.9,4.2,0.692,3.1,3.5,6.6,1.4,1.7,0,2,5.9,15.3
364,Eugene Omoruyi,SF,25,OKC,23,2,272,5.8,12.4,0.468,1.1,4.1,0.258,4.8,8.3,0.571,2.3,3.7,0.607,2.9,4,6.9,1.5,1.9,0,2.1,6.1,15
364,Eugene Omoruyi,SF,25,DET,4,0,65,5,11.6,0.429,1.1,2.8,0.4,3.9,8.9,0.438,5.5,6.1,0.909,3.9,1.7,5.5,1.1,1.1,0,1.7,5,16.6
365,Cedi Osman,SF,27,CLE,63,0,1303,5.5,12.2,0.451,2.4,7,0.349,3.1,5.2,0.587,1.6,2.4,0.659,0.5,3.4,3.9,2.7,0.9,0.2,1.2,2.7,15
366,Kelly Oubre Jr.,SF,27,CHO,43,35,1402,8.2,19.1,0.429,2.5,7.9,0.319,5.7,11.2,0.507,3.5,4.6,0.765,1.6,4.3,5.9,1.3,1.6,0.4,1.4,3.3,22.4
367,Chris Paul,PG,37,PHO,45,45,1438,5.3,12.4,0.43,1.8,4.8,0.38,3.5,7.6,0.462,2.8,3.4,0.815,0.4,4.4,4.8,10.1,1.8,0.5,2.3,2.4,15.2
368,Cameron Payne,PG,28,PHO,34,14,759,6.8,16.7,0.409,2.6,7.1,0.36,4.3,9.6,0.446,1.8,2.5,0.736,0.5,3.3,3.7,7.8,1.3,0.3,3.3,3.2,18.1
369,Gary Payton II,PG,30,POR,15,1,255,3.4,5.8,0.585,1.3,2.4,0.529,2.1,3.4,0.625,0.6,0.6,1,1.4,4.1,5.5,3.1,2.3,0.1,1.7,4.1,8.6
370,Theo Pinson,SG,27,DAL,35,0,241,3,9,0.333,2.2,6.4,0.349,0.7,2.5,0.294,1.3,1.6,0.818,1.2,4.6,5.8,4.3,0.6,0.1,1.3,3.6,9.6
371,Scotty Pippen Jr.,PG,22,LAL,6,0,32,4.5,13.5,0.333,1.1,3.4,0.333,3.4,10.1,0.333,5.6,10.1,0.556,2.3,2.3,4.5,2.3,2.3,1.1,2.3,3.4,15.8
372,Mason Plumlee,C,32,TOT,65,60,1791,5.9,8.7,0.68,0,0,,5.9,8.7,0.68,3.7,5.9,0.627,4.1,8.4,12.5,4.5,0.8,0.8,2.1,3.7,15.5
372,Mason Plumlee,C,32,CHO,56,56,1597,6,8.9,0.669,0,0,,6,8.9,0.669,3.5,5.8,0.605,4.2,8,12.2,4.6,0.8,0.8,2,3.6,15.4
372,Mason Plumlee,C,32,LAC,9,4,194,5.2,6.5,0.8,0,0,,5.2,6.5,0.8,5.2,6.7,0.778,3,12.2,15.2,3.3,0.9,0.7,2.8,4.3,15.6
373,Jakob Poeltl,C,27,TOT,57,56,1507,7.4,11.6,0.638,0,0,0,7.4,11.5,0.64,2.4,4,0.595,4.4,7.9,12.3,4,1.3,1.7,2.6,3.6,17.2
373,Jakob Poeltl,C,27,SAS,46,46,1199,7.2,11.6,0.616,0,0,0,7.2,11.6,0.618,2.3,3.9,0.605,4.6,7.9,12.5,4.2,1.1,1.6,2.9,3.5,16.7
373,Jakob Poeltl,C,27,TOR,11,10,308,8.2,11.2,0.729,0,0,,8.2,11.2,0.729,2.6,4.6,0.564,4,7.7,11.7,3,2.1,2.2,1.6,4,18.9
374,Aleksej Pokusevski,PF,21,OKC,31,25,677,5.7,12.9,0.44,2,5.4,0.376,3.7,7.6,0.486,1.1,1.8,0.636,2.4,6,8.3,3.3,1.1,2.2,2.2,3,14.5
375,Jordan Poole,PG,23,GSW,67,42,2065,8,18.7,0.428,3,9.3,0.326,5,9.4,0.529,5.1,5.8,0.871,0.5,2.8,3.3,5.3,1,0.3,3.7,3.1,24.1
376,Kevin Porter Jr.,PG,22,HOU,44,44,1475,7,16.1,0.433,2.3,6.6,0.349,4.6,9.4,0.492,3.7,4.8,0.766,1.5,4.4,5.9,6.2,1.3,0.4,3.7,2.9,19.9
377,Michael Porter Jr.,SF,24,DEN,49,49,1429,7.8,16,0.485,3.7,8.9,0.41,4.1,7.1,0.58,2,2.4,0.804,1.2,5.6,6.7,1.2,0.8,0.6,1.4,2.6,21.2
378,Otto Porter Jr.,SF,29,TOR,8,2,146,3.7,7.4,0.5,1.5,4.2,0.353,2.2,3.2,0.692,2,2,1,1.5,3.2,4.7,2,2.7,0,1,1.7,10.8
379,Bobby Portis,PF,27,MIL,55,17,1430,8,15.9,0.502,1.6,4.8,0.342,6.3,11.1,0.571,1.7,2.1,0.821,3.3,10.2,13.5,2.3,0.6,0.3,1.7,2.4,19.3
380,Kristaps Porziņģis,C,27,WAS,56,56,1844,8.4,16.9,0.497,2.3,6.1,0.387,6.1,10.9,0.558,6.2,7.4,0.847,2.1,7.2,9.3,2.9,0.9,1.6,2.4,3.4,25.4
381,Micah Potter,PF,24,UTA,3,0,14,5.1,5.1,1,0,0,,5.1,5.1,1,0,0,,2.6,5.1,7.7,5.1,0,0,0,5.1,10.3
382,Dwight Powell,C,31,DAL,62,50,1233,4.7,6.5,0.725,0,0.1,0,4.7,6.4,0.735,2.9,4.2,0.69,3.6,4.2,7.8,1.5,1.3,0.7,1.7,5.1,12.3
383,Norman Powell,SG,29,LAC,54,7,1392,7.7,16.3,0.475,2.8,6.9,0.41,4.9,9.4,0.522,5,6.2,0.803,0.5,3.6,4.1,2.5,1.1,0.4,2.3,2.8,23.2
384,Jason Preston,PG,23,LAC,13,0,122,5.3,12.1,0.439,1.5,5.3,0.278,3.8,6.8,0.565,0,0.6,0,0.6,5.9,6.5,8,0.6,0,3,2.1,12.1
385,Joshua Primo,SG,20,SAS,4,0,93,3.5,10.1,0.346,1.2,4.6,0.25,2.3,5.4,0.429,2.7,3.5,0.778,0.8,4.3,5,7,0.4,0.8,4.3,3.1,10.8
386,Taurean Prince,SF,28,MIN,41,2,874,5.4,11.2,0.484,2.2,5.8,0.383,3.2,5.4,0.591,1.6,2,0.833,0.5,3.5,4,2.8,0.9,0.6,2.1,3.9,14.7
387,Payton Pritchard,PG,25,BOS,45,2,563,5.1,13.1,0.39,2.7,8.1,0.331,2.4,5,0.487,0.7,1,0.733,1.4,2.9,4.3,3,0.9,0.1,2,2.2,13.6
388,Trevelin Queen,SG,25,IND,7,0,70,3.6,14.9,0.241,1,7.7,0.133,2.6,7.2,0.357,2.6,2.6,1,4.1,4.6,8.7,3.1,1,2.6,3.6,2.1,10.8
389,Neemias Queta,C,23,SAC,4,0,25,8.6,11.5,0.75,0,0,,8.6,11.5,0.75,0,2.9,0,5.8,7.2,13,1.4,0,1.4,1.4,10.1,17.3
390,Immanuel Quickley,PG,23,NYK,67,12,1886,6,13.6,0.442,2.4,6.7,0.359,3.6,6.9,0.522,2.6,3.2,0.819,0.9,4.3,5.1,4.1,1.1,0.2,1.4,2.6,17
391,Julius Randle,PF,28,NYK,68,68,2445,8.6,18.6,0.463,2.9,8.3,0.349,5.7,10.2,0.557,5.2,6.9,0.753,2,8.4,10.4,4.2,0.7,0.3,2.9,3,25.3
392,Austin Reaves,SG,24,LAL,48,12,1323,4.6,9.1,0.504,1.7,4.3,0.39,2.9,4.8,0.608,3.5,4.1,0.867,0.7,3,3.8,3.4,0.7,0.5,1.8,2.1,14.4
393,Cam Reddish,SF,23,TOT,31,18,771,5.3,11.7,0.452,2,5.6,0.35,3.3,6.1,0.546,2.4,2.8,0.881,0.7,2.5,3.2,2.4,1.4,0.5,1.5,2.7,14.9
393,Cam Reddish,SF,23,NYK,20,8,438,5,11.2,0.449,1.4,4.6,0.304,3.6,6.6,0.55,2.4,2.7,0.879,0.6,2,2.5,1.6,1.2,0.7,1.2,2.6,13.8
393,Cam Reddish,SF,23,POR,11,10,333,5.6,12.3,0.456,2.7,6.9,0.391,2.9,5.4,0.54,2.5,2.8,0.885,0.9,3.1,4,3.4,1.6,0.3,1.9,2.7,16.4
394,Davon Reed,SG,27,TOT,39,1,334,2.9,8.9,0.325,1.8,5,0.37,1.1,4,0.27,1.7,2.6,0.667,1.1,5.2,6.3,2.3,1.5,0.4,2.2,4.1,9.4
394,Davon Reed,SG,27,DEN,35,1,315,2.9,9.1,0.313,1.8,5,0.364,1,4.1,0.25,1.7,2.3,0.75,1,5.3,6.3,2.2,1.5,0.5,2.3,4.1,9.3
394,Davon Reed,SG,27,LAL,4,0,19,3.8,5.7,0.667,1.9,3.8,0.5,1.9,1.9,1,1.9,7.6,0.25,1.9,3.8,5.7,3.8,1.9,0,0,3.8,11.4
395,Paul Reed,C,23,PHI,52,0,525,5.3,9.1,0.579,0,0.3,0,5.3,8.8,0.597,1.5,2,0.759,4.5,7.2,11.7,1.2,2.3,2.5,2.1,6.6,12.1
396,Naz Reid,C,23,MIN,59,11,1067,8.5,16,0.532,2.1,6.3,0.337,6.4,9.7,0.659,2.2,3.4,0.653,2.3,7.5,9.8,2.3,1.3,1.7,2.6,5.2,21.4
397,Jared Rhoden,SG,23,DET,4,0,33,4.4,9.8,0.444,0,2.2,0,4.4,7.6,0.571,0,0,,5.5,3.3,8.7,0,0,0,0,4.4,8.7
398,Nick Richards,C,25,CHO,53,0,931,5.9,9.6,0.614,0,0,,5.9,9.6,0.614,4.1,5.5,0.746,4.8,7,11.8,0.9,0.4,2,1.8,4.6,15.9
399,Josh Richardson,SG,29,TOT,49,10,1182,6.1,13.9,0.438,2.5,7.1,0.355,3.6,6.8,0.525,1.9,2.2,0.861,1,3.1,4.1,4.7,1.7,0.5,2.2,2.8,16.6
399,Josh Richardson,SG,29,SAS,42,6,997,6.4,14.7,0.436,2.7,7.5,0.357,3.7,7.2,0.518,1.9,2.2,0.883,1.1,3.2,4.3,4.9,1.4,0.4,2.3,2.5,17.4
399,Josh Richardson,SG,29,NOP,7,4,185,4.5,9.9,0.451,1.8,5.3,0.333,2.7,4.7,0.583,1.8,2.3,0.75,0.6,2.7,3.3,3.1,3.3,0.8,1.6,4.3,12.5
400,Austin Rivers,SG,30,MIN,50,10,1005,3.3,7.4,0.44,1.5,4.4,0.352,1.7,3,0.565,1.1,1.4,0.769,0.2,2.8,2.9,2.7,1,0.1,0.8,2.9,9.1
401,Duncan Robinson,SF,28,MIA,33,0,572,4.5,12.2,0.371,3.3,9.9,0.335,1.2,2.3,0.528,1.4,1.6,0.92,0.5,3.3,3.8,2.5,0.8,0,1.3,4,13.8
402,Mitchell Robinson,C,24,NYK,46,45,1263,4.4,6.3,0.709,0,0,,4.4,6.3,0.709,1.3,2.7,0.479,5.6,6.4,12,1.1,1.2,2.1,0.8,3.9,10.2
403,Orlando Robinson,C,22,MIA,29,1,397,4.2,7.8,0.535,0,0.5,0,4.2,7.3,0.568,1.9,2.6,0.724,4,6.7,10.7,1.9,1.1,1.1,1.4,4.7,10.2
404,Jeremiah Robinson-Earl,PF,22,OKC,34,19,686,5,11,0.455,1.6,5,0.326,3.4,6,0.561,1.6,2,0.816,3.3,4.8,8.1,1.8,1.1,0.6,0.9,3,13.2
405,Isaiah Roby,PF,24,SAS,42,2,474,5.1,11.8,0.432,1.4,4.6,0.3,3.7,7.2,0.516,1.5,3.1,0.488,1.6,6.5,8.1,2.9,1.4,0.5,2.4,4,13.1
406,David Roddy,PF,21,MEM,53,2,880,5,11.9,0.423,1.7,6,0.281,3.4,5.9,0.566,1.3,2.1,0.615,1.3,4.2,5.5,1.4,1,0.5,1.8,3.2,13.1
407,Ryan Rollins,PG,20,GSW,12,0,62,4.1,11.6,0.35,1.7,5.2,0.333,2.3,6.4,0.364,3.5,3.5,1,1.7,5.2,7,3.5,0.6,0.6,9.3,5.8,13.4
408,Derrick Rose,PG,34,NYK,27,0,338,6.5,16.9,0.384,2,6.7,0.302,4.5,10.2,0.438,1.2,1.3,0.917,0.9,3.4,4.3,4.9,0.7,0.5,2.3,1.9,16.2
409,Terrence Ross,SG,31,TOT,47,9,1045,5.2,11.8,0.439,2.5,6.5,0.383,2.7,5.3,0.506,0.6,0.8,0.75,0.4,3,3.4,2.2,1,0.3,1.3,2.3,13.4
409,Terrence Ross,SG,31,ORL,42,9,944,4.9,11.4,0.431,2.3,6.1,0.381,2.6,5.3,0.489,0.6,0.8,0.75,0.4,2.9,3.2,2.1,1,0.3,1.4,2,12.7
409,Terrence Ross,SG,31,PHO,5,0,101,7.5,15.3,0.488,3.9,10,0.393,3.6,5.3,0.667,1.1,1.4,0.75,1.1,4.3,5.3,3.2,1.1,0,0,4.6,20
410,Terry Rozier,SG,28,CHO,57,57,2036,7.9,19.2,0.413,2.7,8.2,0.33,5.2,11,0.474,3,3.7,0.808,0.9,3.3,4.2,5,1.1,0.3,2.1,1.9,21.5
411,Ricky Rubio,PG,32,CLE,20,0,324,3.7,11.3,0.324,1.8,6,0.296,1.9,5.3,0.354,1.8,2.4,0.727,0.7,4.2,4.9,7.2,2.4,0.4,1.9,3.1,10.9
412,D'Angelo Russell,PG,26,TOT,58,58,1877,6.8,14.8,0.464,3,7.6,0.389,3.9,7.2,0.543,2.9,3.5,0.85,0.6,2.9,3.4,6.8,1.2,0.4,2.9,2.3,19.6
412,D'Angelo Russell,PG,26,MIN,54,54,1778,6.8,14.7,0.465,3,7.7,0.391,3.8,7,0.546,2.9,3.4,0.856,0.6,2.8,3.3,6.8,1.2,0.4,3,2.4,19.6
412,D'Angelo Russell,PG,26,LAL,4,4,99,6.9,15.6,0.442,2.2,6.2,0.353,4.7,9.5,0.5,3.6,4.7,0.769,0.7,4.4,5.1,7.3,0.4,0,2.2,1.8,19.6
413,Matt Ryan,SF,25,TOT,32,0,303,4.8,12.7,0.374,3.8,9.9,0.386,1,2.9,0.333,1.2,1.4,0.833,0.5,2.5,3,1.8,0.6,0.1,0.8,3.2,14.5
413,Matt Ryan,SF,25,LAL,12,0,129,4.2,13.7,0.306,3.6,9.8,0.371,0.6,3.9,0.143,1.1,1.4,0.8,0.6,3.3,3.9,1.1,0.6,0,0.8,3.9,13.1
413,Matt Ryan,SF,25,MIN,20,0,174,5.2,12,0.431,3.9,9.9,0.396,1.2,2.1,0.6,1.2,1.4,0.857,0.4,1.9,2.3,2.3,0.6,0.2,0.8,2.7,15.5
414,Domantas Sabonis,C,26,SAC,63,63,2174,7.5,12.2,0.615,0.4,1.2,0.366,7.1,11,0.642,4.4,5.7,0.765,3.2,9.7,12.9,7.3,0.9,0.5,3.1,3.9,19.8
415,Dario Šarić,PF,28,TOT,47,12,673,5.8,12.4,0.472,2.1,5,0.415,3.7,7.3,0.511,2.8,3.3,0.839,2.4,7,9.4,3.4,0.8,0.3,2.5,4.6,16.5
415,Dario Šarić,PF,28,PHO,37,12,533,5.1,12,0.427,1.8,4.7,0.391,3.3,7.4,0.45,2.4,3,0.818,2.6,7,9.6,3.8,0.9,0.3,2.4,4.7,14.5
415,Dario Šarić,PF,28,OKC,10,0,140,8.5,13.6,0.623,3.1,6.4,0.48,5.4,7.2,0.75,4.1,4.6,0.889,1.5,7.2,8.7,1.8,0.5,0,2.8,4.4,24.2
416,Olivier Sarr,C,23,OKC,2,0,22,4.9,11.5,0.429,0,4.9,0,4.9,6.5,0.75,1.6,1.6,1,3.3,4.9,8.2,0,0,1.6,0,3.3,11.5
417,Jordan Schakel,SF,24,WAS,2,0,6,6,12,0.5,6,6,1,0,6,0,0,0,,0,0,0,6,6,0,0,6,18
418,Admiral Schofield,PF,25,ORL,31,0,368,4.5,9.3,0.484,2,5.6,0.351,2.5,3.7,0.684,1.7,1.9,0.895,1.9,3.2,5.1,2.4,0.6,0.3,0.6,5.3,12.6
419,Dennis Schröder,PG,29,LAL,52,47,1612,4.8,11.5,0.414,1.3,4.1,0.33,3.4,7.5,0.46,3.8,4.3,0.875,0.3,2.7,3,5.5,0.8,0.2,1.9,2.7,14.7
420,Dereon Seabron,SG,22,NOP,5,0,12,6,15,0.4,0,0,,6,15,0.4,0,0,,3,0,3,0,0,0,0,3,12
421,Alperen Şengün,C,20,HOU,61,58,1721,7.5,13.4,0.557,0.3,0.9,0.318,7.2,12.5,0.575,3.7,5,0.732,4.1,7.1,11.2,4.9,1,1.2,3.2,4.3,18.9
422,Collin Sexton,SG,24,UTA,47,15,1129,7.3,14.5,0.507,1.5,3.7,0.41,5.8,10.7,0.54,5.2,6.3,0.822,1.2,2.1,3.3,4.3,0.9,0.2,2.7,3.5,21.4
423,Landry Shamet,SG,25,PHO,30,7,642,5.2,13.6,0.38,3.4,9.1,0.377,1.7,4.5,0.388,2.3,2.5,0.911,0.4,2.4,2.9,3.8,1,0.3,1.6,2.6,16
424,Day'Ron Sharpe,C,21,BRK,36,2,402,5.6,10.9,0.516,0.4,0.8,0.556,5.2,10.1,0.513,1.5,2.5,0.607,5.5,6.8,12.3,2.6,0.7,1.9,3.1,6.4,13.3
425,Shaedon Sharpe,SG,19,POR,65,5,1332,5.6,11.8,0.47,1.8,5.1,0.344,3.8,6.7,0.566,1,1.5,0.673,1.3,3.1,4.5,1.2,0.7,0.5,1.3,2.8,13.9
426,Pascal Siakam,C,28,TOR,57,57,2140,8.5,18,0.474,1.3,3.9,0.342,7.2,14.1,0.511,5.2,6.8,0.772,1.8,5.5,7.3,5.7,0.8,0.5,2.5,3.2,23.6
427,Chris Silva,PF,26,DAL,1,0,3,12,12,1,0,0,,12,12,1,0,0,,0,0,0,0,0,0,12,24,24
428,Ben Simmons,PG,26,BRK,42,33,1105,4.3,7.7,0.566,0,0.1,0,4.3,7.6,0.571,0.8,1.9,0.439,1.3,7.3,8.6,8.3,1.8,0.8,3.2,4.5,9.5
429,Marko Simonovic,C,23,CHI,3,0,5,0,7.2,0,0,7.2,0,0,0,,0,0,,0,0,0,0,0,0,0,7.2,0
430,Anfernee Simons,SG,23,POR,57,57,2010,7.7,17.2,0.448,3.5,9.3,0.378,4.2,7.9,0.53,2.6,2.9,0.913,0.3,2.5,2.7,4.2,0.7,0.2,2.2,2.4,21.5
431,Jericho Sims,C,24,NYK,49,16,774,3.7,4.8,0.769,0,0,0,3.7,4.8,0.777,0.6,0.7,0.75,4.3,6.5,10.8,1.1,0.7,1.3,1.2,4.3,8
432,Marcus Smart,PG,28,BOS,50,50,1619,4.5,10.8,0.416,2,6,0.336,2.5,4.8,0.516,1.7,2.2,0.768,0.8,2.9,3.7,7.3,1.6,0.4,2.7,3,12.7
433,Dennis Smith Jr.,PG,25,CHO,46,12,1158,4.9,11.6,0.425,0.6,2.8,0.209,4.3,8.7,0.495,2,2.7,0.727,0.6,3.4,4,6.5,2,0.6,2.1,3.1,12.4
434,Dru Smith,SG,25,TOT,10,1,124,5.2,11.3,0.462,1.5,5.2,0.278,3.8,6.1,0.619,0.3,0.3,1,0.6,4.6,5.2,4.4,2.6,1.2,0.6,4.4,12.2
434,Dru Smith,SG,25,MIA,5,1,67,2.7,7.5,0.357,0.5,3.2,0.167,2.1,4.3,0.5,0,0,,0.5,4.3,4.8,2.7,2.1,1.6,0.5,5.4,5.9
434,Dru Smith,SG,25,BRK,5,0,57,8.2,15.8,0.52,2.5,7.6,0.333,5.7,8.2,0.692,0.6,0.6,1,0.6,5.1,5.7,6.3,3.2,0.6,0.6,3.2,19.6
435,Ish Smith,PG,34,DEN,33,0,320,5,11.4,0.436,0.2,0.7,0.333,4.7,10.7,0.442,0.1,0.2,0.5,0.5,4.6,5.1,8.6,0.7,0.7,4.3,3.2,10.2
436,Jabari Smith Jr.,PF,19,HOU,63,63,1904,5.1,13,0.393,1.8,6.1,0.3,3.3,6.8,0.475,2.4,3,0.789,1.6,6.7,8.4,1.5,0.6,1.1,1.7,3.4,14.4
437,Jalen Smith,PF,22,IND,55,28,1003,6.7,14.3,0.466,1.6,5.7,0.283,5.1,8.6,0.588,2.9,3.7,0.769,3.5,7.6,11.1,1.8,0.6,1.7,2.2,4.2,17.8
438,Jeremy Sochan,PF,19,SAS,52,49,1362,5.9,13.3,0.444,0.8,3.1,0.244,5.1,10.1,0.507,2,2.8,0.701,2.4,4.7,7.1,3.5,1.1,0.6,2.3,3.4,14.5
439,Jaden Springer,SG,20,PHI,7,0,26,9.7,16.6,0.583,0,0,,9.7,16.6,0.583,4.2,5.5,0.75,5.5,4.2,9.7,1.4,2.8,2.8,1.4,9.7,23.5
440,Lamar Stevens,PF,25,CLE,48,18,850,4.2,9.3,0.457,0.9,3,0.292,3.3,6.2,0.537,1.3,1.8,0.721,1.5,4.9,6.4,1.2,0.9,0.6,1,2.5,10.7
441,Isaiah Stewart,C,21,DET,50,47,1414,5,11.2,0.442,1.7,5.2,0.327,3.3,6,0.542,2.8,3.8,0.738,2.9,7.3,10.3,1.8,0.5,0.9,1.7,3.4,14.4
442,Max Strus,SF,26,MIA,65,28,1902,5.1,12.8,0.401,3,9,0.335,2.1,3.8,0.56,1.4,1.6,0.881,0.9,3.4,4.2,2.6,0.7,0.2,1.2,2.6,14.7
443,Jalen Suggs,PG,21,ORL,42,16,997,5.2,12.5,0.418,1.7,5.5,0.303,3.6,7,0.508,2.4,3.4,0.71,1.6,2.9,4.4,4.9,1.9,0.7,2.8,3.6,14.5
444,Edmond Sumner,SG,27,BRK,47,12,682,6.1,13.4,0.455,1.5,4.4,0.349,4.5,9,0.506,4.9,5.2,0.929,0.6,3.3,3.9,3.6,1.6,0.5,2.3,4.1,18.5
445,Cole Swider,SF,23,LAL,6,0,40,2.7,8.1,0.333,2.7,7.2,0.375,0,0.9,0,0,0,,0.9,5.4,6.3,3.6,0,0,0,2.7,8.1
446,Jae'Sean Tate,SF,27,HOU,26,7,566,5.9,12.2,0.479,0.7,2.4,0.297,5.2,9.9,0.523,2.6,3.6,0.719,2.4,3.9,6.4,4,1,0.4,2.4,5.6,15
447,Jayson Tatum,PF,24,BOS,62,62,2320,9.5,20.6,0.463,3.2,9,0.355,6.3,11.6,0.547,6.9,8,0.859,1.1,7.4,8.5,4.5,1,0.7,2.9,2,29.2
448,Terry Taylor,PF,23,TOT,28,2,234,4.9,10.3,0.478,0.6,2.8,0.222,4.3,7.5,0.571,0.8,1.1,0.714,3.4,2.6,6,1.5,0.5,0.8,1.4,3.8,11.2
448,Terry Taylor,PF,23,IND,26,2,228,4.7,10.3,0.462,0.6,2.8,0.222,4.1,7.4,0.553,0.8,1.1,0.714,3.5,2.7,6.2,1.6,0.5,0.8,1.4,3.8,10.9
448,Terry Taylor,PF,23,CHI,2,0,6,12,12,1,0,0,,12,12,1,0,0,,0,0,0,0,0,0,0,6,24
449,Garrett Temple,SG,36,NOP,19,0,133,4.1,10,0.405,2.4,5.7,0.429,1.6,4.3,0.375,0.8,1.1,0.75,0.5,2.7,3.2,2.7,2.4,0.3,0.8,3.8,11.4
450,Dalen Terry,SG,20,CHI,27,0,130,5,11.1,0.45,1.4,4.2,0.333,3.6,6.9,0.52,1.4,2.8,0.5,1.9,3.3,5.3,4.2,1.1,1.1,1.7,3,12.7
451,Daniel Theis,C,30,IND,7,1,109,6.9,14.5,0.477,0.7,3.6,0.182,6.3,10.9,0.576,1.7,4,0.417,2.3,5,7.3,3,0.7,2,1,2.3,16.2
452,Cam Thomas,SG,21,BRK,48,3,825,7.6,17.1,0.445,1.9,4.9,0.389,5.7,12.1,0.468,6,7,0.857,0.3,3.4,3.8,3.2,0.8,0.3,2.2,2.2,23.1
453,Klay Thompson,SG,32,GSW,55,55,1801,8.7,20.1,0.432,4.7,11.7,0.407,4,8.5,0.467,2,2.3,0.895,0.7,3.8,4.5,2.7,0.8,0.4,1.9,2.1,24.2
454,JT Thor,PF,20,CHO,55,4,632,3,8.3,0.359,1,4,0.243,2,4.3,0.467,1,1.7,0.621,1.7,3.9,5.6,1.4,1,0.7,1.4,2.6,7.9
455,Matisse Thybulle,SG,25,TOT,59,16,895,3.1,7.2,0.433,1.6,4.3,0.364,1.6,2.9,0.534,0.4,0.6,0.714,1.4,2.8,4.2,1.6,2.5,1,0.6,3.7,8.2
455,Matisse Thybulle,SG,25,PHI,49,6,591,3,7.1,0.431,1.3,3.8,0.333,1.8,3.2,0.547,0.5,0.7,0.75,1.2,2.6,3.8,1.4,2.7,0.9,0.5,4,7.9
455,Matisse Thybulle,SG,25,POR,10,10,304,3.3,7.6,0.438,2.1,5.2,0.409,1.2,2.4,0.5,0.1,0.2,0.5,1.8,3.2,5,2.1,2.1,1.3,0.7,3.3,8.9
456,Xavier Tillman Sr.,PF,24,MEM,46,15,795,5.4,9.3,0.585,0.2,0.7,0.267,5.3,8.6,0.611,1.7,3.2,0.529,3.9,5.8,9.6,2.9,1.8,0.9,1.3,3.2,12.7
457,Isaiah Todd,PF,21,WAS,4,0,13,2.8,11.1,0.25,0,8.3,0,2.8,2.8,1,0,0,,0,0,0,0,0,0,0,0,5.5
458,Obi Toppin,PF,24,NYK,53,0,769,5.5,13.6,0.405,2.7,8.1,0.328,2.9,5.5,0.521,1.3,1.6,0.771,1.2,5.9,7.1,2,0.8,0.4,1.4,2.5,15
459,Juan Toscano-Anderson,SF,29,TOT,37,7,447,3.1,6.7,0.458,0.5,2.1,0.231,2.6,4.6,0.561,0.9,1.2,0.733,1.3,5.2,6.5,2.6,1,0.6,1.7,4.4,7.5
459,Juan Toscano-Anderson,SF,29,LAL,30,7,365,3.3,6.5,0.5,0.4,2,0.2,2.9,4.5,0.63,1.1,1.5,0.733,1.4,4.6,6,2.5,1,0.7,1.7,4.5,8
459,Juan Toscano-Anderson,SF,29,UTA,7,0,82,2.2,7.5,0.294,0.9,2.6,0.333,1.3,4.8,0.273,0,0,,0.9,7.9,8.8,3.1,1.3,0.4,1.8,4,5.3
460,Karl-Anthony Towns,PF,27,MIN,21,21,709,7.8,15.4,0.505,1.9,5.9,0.325,5.8,9.4,0.618,4.7,5.3,0.885,1.8,7,8.7,5.6,0.8,0.7,3.3,4.2,22.1
461,Gary Trent Jr.,SG,24,TOR,58,43,1910,7,15.9,0.436,2.8,7.7,0.368,4.1,8.2,0.5,2.9,3.5,0.839,0.5,2.4,2.8,1.8,1.7,0.3,1,1.8,19.7
462,P.J. Tucker,PF,37,PHI,62,62,1602,1.8,4.1,0.426,1,2.5,0.402,0.7,1.6,0.465,0.4,0.5,0.864,1.8,3.7,5.5,1.1,0.7,0.3,0.9,3.4,4.9
463,Myles Turner,C,26,IND,57,57,1689,7.9,14.5,0.546,1.9,5,0.385,6,9.5,0.631,4.1,5.3,0.782,1.7,7.5,9.2,1.6,0.8,2.9,2,4.2,21.9
464,Stanley Umude,SG,23,DET,1,0,2,0,18,0,0,18,0,0,0,,36,36,1,0,0,0,0,18,18,0,0,36
465,Jonas Valančiūnas,C,30,NOP,63,63,1556,8.1,14.9,0.547,0.7,2.2,0.344,7.4,12.7,0.581,3.5,4.3,0.821,4,10,14.1,2.5,0.4,0.7,2.8,4.4,20.5
466,Jarred Vanderbilt,PF,23,TOT,62,49,1496,4.9,8.9,0.553,0.5,1.6,0.313,4.4,7.3,0.606,1.9,2.8,0.678,3.4,8.4,11.8,3.9,1.6,0.4,1.9,3.7,12.2
466,Jarred Vanderbilt,PF,23,UTA,52,41,1254,5,8.9,0.556,0.5,1.6,0.333,4.4,7.3,0.606,1.9,2.9,0.657,3.5,8.3,11.7,4.1,1.5,0.4,2,3.8,12.4
466,Jarred Vanderbilt,PF,23,LAL,10,8,242,4.6,8.6,0.534,0.3,1.5,0.2,4.3,7.1,0.604,1.9,2.4,0.813,3.3,8.9,12.2,3.1,2.1,0.4,1.8,3.1,11.5
467,Fred VanVleet,PG,28,TOR,55,55,2036,6.1,15.6,0.391,2.9,8.6,0.341,3.2,7.1,0.451,3.6,4,0.899,0.5,3.7,4.1,6.7,1.6,0.6,1.8,2.8,18.8
468,Devin Vassell,SG,22,SAS,31,25,958,8.2,18.5,0.444,3.2,8.2,0.394,5,10.3,0.484,2.6,3.3,0.787,0.2,4.2,4.4,4.2,1.4,0.5,1.8,1.6,22.3
469,Gabe Vincent,PG,26,MIA,53,19,1392,4.5,11.6,0.386,2.4,7.3,0.32,2.1,4.2,0.5,1.5,1.7,0.877,0.5,2.5,3,3.4,1.2,0.1,2,3.4,12.8
470,Noah Vonleh,C,27,BOS,23,1,171,2.3,5.1,0.458,0.2,0.8,0.25,2.1,4.2,0.5,0.4,0.4,1,3.8,6.3,10.1,1.5,0.4,1.7,2.3,7.4,5.3
471,Nikola Vučević,C,32,CHI,66,66,2234,7.7,15.1,0.513,1.7,4.9,0.349,6,10.2,0.591,1.7,2.1,0.82,2.1,9.9,12,3.5,0.7,0.8,1.8,2.4,18.8
472,Dean Wade,PF,26,CLE,37,9,752,3,7.1,0.419,1.8,5,0.362,1.1,2.1,0.558,0.7,1.1,0.652,0.8,5.5,6.2,1.5,1.1,0.8,0.7,3.7,8.5
473,Franz Wagner,SF,21,ORL,66,66,2174,7.5,15.4,0.486,1.9,5.1,0.373,5.6,10.3,0.542,3.8,4.5,0.838,0.9,3.2,4.2,3.7,1,0.2,2.3,2.5,20.6
474,Moritz Wagner,C,25,ORL,46,17,964,6.4,12.8,0.499,1.7,5.4,0.31,4.7,7.4,0.636,4.8,5.7,0.843,2.2,5.9,8.2,2.8,1.3,0.4,2.1,4.6,19.3
475,Ish Wainright,SF,28,PHO,48,1,725,3.4,8.8,0.388,2.3,6.7,0.351,1.1,2.2,0.5,1,1.2,0.84,1.9,3.2,5.1,2.2,1.8,0.8,1,4.8,10.2
476,Jabari Walker,SF,20,POR,43,0,379,4.2,9.5,0.44,0.6,2.7,0.214,3.6,6.8,0.528,2,2.8,0.724,3.1,4.8,8,2.1,0.4,0.9,1.4,3.9,10.9
477,Kemba Walker,PG,32,DAL,9,1,144,6,14.2,0.421,1.7,7,0.25,4.2,7.2,0.586,4.2,5.2,0.81,0.7,3.2,4,4.7,0.5,0.5,1,2.7,18
478,Lonnie Walker IV,SG,24,LAL,49,32,1235,6.5,14.6,0.447,2.5,6.8,0.365,4.1,7.8,0.519,2.5,2.9,0.87,0.4,2.6,3,1.8,0.8,0.4,1.3,2,18.1
479,John Wall,PG,32,LAC,34,3,755,6.6,16.1,0.408,1.6,5.2,0.303,5,10.9,0.459,3.7,5.4,0.681,0.7,3.7,4.4,8.5,1.3,0.6,3.8,2.8,18.4
480,T.J. Warren,PF-SF,29,TOT,31,0,529,7.2,14.4,0.502,1.2,3.4,0.34,6.1,11,0.553,1.8,2.2,0.818,1.2,4.6,5.8,2,1.2,0.5,1.2,3.3,17.4
480,T.J. Warren,PF,29,BRK,26,0,490,7.5,14.7,0.51,1.2,3.5,0.333,6.3,11.2,0.566,2,2.4,0.818,1,4.3,5.3,2.1,1.1,0.5,1.2,3.3,18.1
480,T.J. Warren,SF,29,PHO,5,0,39,3.7,10.2,0.364,0.9,1.8,0.5,2.8,8.3,0.333,0,0,,3.7,8.3,12,0,1.8,0.9,0.9,2.8,8.3
481,Duane Washington Jr.,SG,22,PHO,31,3,394,8.6,23.4,0.367,3.7,10.1,0.36,4.9,13.2,0.372,1.5,2.2,0.667,0.2,3.1,3.3,5.8,0.5,0.4,3.1,2.1,22.3
482,P.J. Washington,PF,24,CHO,63,63,2069,6.3,14.2,0.441,2.2,6.3,0.348,4.1,7.9,0.515,1.9,2.6,0.737,1.1,4.2,5.3,2.6,1,1.3,1.6,3,16.7
483,TyTy Washington Jr.,PG,21,HOU,29,2,401,4.9,13.7,0.359,1.5,6.8,0.224,3.4,6.9,0.494,0.9,1.4,0.625,0.2,3.5,3.7,4.2,1.2,0.2,1.3,2.4,12.3
484,Yuta Watanabe,SF,28,BRK,46,0,815,4.5,8.9,0.505,2.3,5.1,0.461,2.2,3.8,0.563,1.4,1.8,0.756,1.2,4.1,5.3,1.7,0.9,0.7,0.8,3,12.7
485,Lindy Waters III,SG,25,OKC,29,0,333,5.1,12.3,0.412,4.4,11.4,0.39,0.6,1,0.667,1.3,1.6,0.8,0.8,4.5,5.3,2.3,1.1,0.9,0.6,2.9,15.9
486,Trendon Watford,PF,22,POR,50,2,876,4.8,8.4,0.566,0.7,1.8,0.386,4.1,6.6,0.615,2.1,3,0.722,1.4,6,7.3,3.8,0.9,0.2,2.3,4,12.4
487,Peyton Watson,SG,20,DEN,14,0,44,8.2,15.5,0.526,1.6,3.3,0.5,6.5,12.3,0.533,0,1.6,0,2.5,4.1,6.5,0.8,0,0.8,1.6,1.6,18
488,Blake Wesley,SG,19,SAS,21,1,317,4.3,11.5,0.376,1.5,3.1,0.481,2.8,8.4,0.338,1.5,2.4,0.619,0.5,4,4.4,3.6,1.1,0.1,3.7,4.5,11.6
489,Russell Westbrook,PG,34,TOT,59,10,1704,7.3,17,0.427,1.5,4.9,0.295,5.8,12.1,0.481,3.6,5.4,0.665,1.3,6,7.3,9.5,1.3,0.5,4.5,3,19.6
489,Russell Westbrook,PG,34,LAL,52,3,1491,7.3,17.6,0.417,1.5,5.1,0.296,5.8,12.5,0.467,3.8,5.7,0.655,1.4,6.3,7.8,9.4,1.3,0.6,4.4,2.9,20
489,Russell Westbrook,PG,34,LAC,7,7,213,6.8,13,0.519,1,3.5,0.286,5.7,9.5,0.607,2.2,2.7,0.813,0.7,3.7,4.4,9.6,1.7,0.5,4.9,3.4,16.7
490,Coby White,SG,22,CHI,58,1,1299,5.1,12.1,0.418,2.6,7.3,0.355,2.5,4.8,0.514,1.4,1.7,0.85,0.3,4,4.3,3.5,1.2,0.2,1.4,2.6,14.2
491,Derrick White,SG,28,BOS,67,55,1870,5.4,11.8,0.457,2.2,5.9,0.372,3.2,5.9,0.543,2.5,2.9,0.868,0.8,3.5,4.4,5,0.9,1.1,1.4,2.9,15.5
492,Jack White,SF,25,DEN,16,0,51,4.9,11.3,0.438,2.1,5.6,0.375,2.8,5.6,0.5,1.4,2.1,0.667,2.1,4.2,6.4,2.1,1.4,1.4,0.7,5.6,13.4
493,Joe Wieskamp,SF,23,TOR,3,0,24,4.5,12,0.375,4.5,10.5,0.429,0,1.5,0,0,0,,0,3,3,1.5,0,0,1.5,1.5,13.5
494,Aaron Wiggins,SG,24,OKC,54,14,1034,5,10.1,0.502,1.3,3.4,0.381,3.8,6.7,0.563,1.5,1.9,0.8,2,3.9,5.9,2.5,1,0.4,1.6,3,12.9
495,Andrew Wiggins,SF,27,GSW,37,37,1190,7.6,16,0.473,2.7,6.8,0.396,4.9,9.2,0.53,1.3,2.2,0.611,1.8,3.8,5.6,2.6,1.4,0.8,1.5,3.2,19.1
496,Lindell Wigginton,PG,24,MIL,1,0,1,0,0,,0,0,,0,0,,0,0,,0,0,0,0,0,0,0,0,0
497,Alondes Williams,SG,23,BRK,1,0,5,0,0,,0,0,,0,0,,0,0,,0,7.2,7.2,0,0,0,14.4,7.2,0
498,Grant Williams,PF,24,BOS,65,21,1758,3.7,8.2,0.455,2,4.9,0.404,1.7,3.2,0.532,1.8,2.2,0.804,1.5,4.9,6.3,2.3,0.8,0.5,1.5,3.5,11.2
499,Jalen Williams,SG,21,OKC,60,47,1771,6.4,12.3,0.521,1.2,3.4,0.349,5.2,9,0.585,2.1,2.8,0.766,1.2,3.9,5.1,3.8,1.6,0.7,1.9,3.2,16.2
500,Jaylin Williams,PF,20,OKC,34,21,599,4.2,9.6,0.438,1.7,4.2,0.4,2.5,5.4,0.467,1.3,1.9,0.71,1.8,8,9.8,3.1,0.8,0.5,1.5,4.3,11.4
501,Kenrich Williams,PF,28,OKC,53,10,1206,5.3,10.3,0.517,1.5,4,0.373,3.9,6.3,0.608,0.5,1.2,0.436,2.9,4.9,7.8,3.1,1.3,0.4,1,3.3,12.7
502,Mark Williams,C,21,CHO,37,12,655,6.9,10.7,0.641,0,0,,6.9,10.7,0.641,3,4.3,0.692,4.1,9,13,0.8,1.4,2.2,1.7,4.5,16.7
503,Patrick Williams,PF,21,CHI,66,59,1894,4.9,10.3,0.473,1.7,4.2,0.414,3.2,6.1,0.514,1.4,1.7,0.862,1.2,4.1,5.3,1.6,1,1,1.6,2.4,12.9
504,Robert Williams,C,25,BOS,28,18,678,5.7,7.6,0.75,0,0.1,0,5.7,7.6,0.755,1.1,1.7,0.625,4.6,8.2,12.8,2.3,0.7,1.8,1.3,2.8,12.5
505,Vince Williams Jr.,SG,22,MEM,11,0,52,2.8,9.7,0.286,1.4,6.9,0.2,1.4,2.8,0.5,0,0,,1.4,3.5,4.8,2.1,2.8,0.7,0.7,4.2,6.9
506,Ziaire Williams,SF,21,MEM,34,3,513,4.9,11.8,0.417,1.5,6,0.247,3.4,5.8,0.59,0.9,1.2,0.765,1,4.1,5.1,1.8,0.9,0.4,2.4,3.9,12.2
507,Zion Williamson,PF,22,NOP,29,29,956,10.7,17.7,0.608,0.3,0.7,0.368,10.5,16.9,0.618,6.7,9.3,0.714,2.2,5.4,7.6,5,1.2,0.6,3.7,2.4,28.4
508,Justise Winslow,SF,26,POR,29,11,776,3.8,9.2,0.409,0.6,2.1,0.311,3.1,7.1,0.438,0.9,1.3,0.714,2.3,4.5,6.7,4.5,1.4,0.5,2,4.1,9.1
509,James Wiseman,C,21,TOT,30,7,494,7.9,12.9,0.616,0.1,0.6,0.25,7.8,12.3,0.633,2.6,3.9,0.667,2.6,8.2,10.8,1.5,0.4,1.2,2.3,4.9,18.7
509,James Wiseman,C,21,GSW,21,0,262,8.1,12.9,0.628,0.1,0.3,0.5,8,12.6,0.63,3.6,5.2,0.684,2.5,7.6,10,1.9,0.4,1,1.9,5.4,19.9
509,James Wiseman,C,21,DET,9,7,232,7.8,12.9,0.602,0.2,0.9,0.167,7.6,11.9,0.636,1.6,2.5,0.625,2.8,8.8,11.6,0.9,0.3,1.4,2.8,4.3,17.2
510,Christian Wood,C,27,DAL,55,17,1472,8.3,16,0.522,2.2,6,0.369,6.1,10,0.614,4.2,5.5,0.76,1.8,8.6,10.3,2.2,0.6,1.5,2.4,3.6,23.1
511,Delon Wright,PG,30,WAS,37,9,899,3.9,8,0.483,1.3,3.4,0.384,2.6,4.6,0.557,1.4,1.6,0.9,1.7,3.3,5,5.9,3.2,0.5,1.4,2,10.5
512,McKinley Wright IV,PG,24,DAL,20,1,206,4,8.6,0.469,0.7,2.4,0.286,3.3,6.1,0.543,1.2,1.9,0.636,1,3.5,4.5,6.5,1.2,0.5,2.1,3.1,10
513,Thaddeus Young,PF,34,TOR,53,9,791,4.9,9,0.545,0.3,1.5,0.176,4.6,7.5,0.622,0.8,1.2,0.692,3.2,4.3,7.5,3.4,2.5,0.2,1.9,4,10.9
514,Trae Young,PG,24,ATL,59,59,2070,8.6,20,0.432,2.2,6.7,0.329,6.5,13.4,0.483,7.9,8.9,0.886,0.8,2.3,3.1,10.3,1.2,0.2,4.2,1.5,27.4
515,Cody Zeller,C,30,MIA,8,0,116,4.7,7.1,0.652,0,0,,4.7,7.1,0.652,4.7,6.5,0.714,3.7,4.7,8.4,1.9,0.6,0.9,2.2,6.2,14
516,Ivica Zubac,C,25,LAC,62,62,1807,5,8,0.624,0,0,0,5,8,0.627,2.6,3.8,0.704,4.1,8.4,12.4,1.3,0.5,1.7,2.1,3.6,12.7